hora,Curva de potencia empírica,GBM cuantil óptimo,GBM viento,Perfil horario 14 días,Persistencia
0,14.286,14.555,15.998,12.496,8.759
1,14.012,13.896,13.404,11.302,8.094
2,14.542,15.002,15.605,9.815,4.027
3,13.315,12.024,13.953,8.388,2.716
4,12.063,8.527,9.486,7.673,3.429
5,11.321,8.378,10.187,8.14,4.607
6,11.358,7.098,8.978,6.692,1.298
7,11.951,7.314,8.838,4.899,0.951
8,12.063,7.519,10.039,5.693,2.078
9,13.281,10.55,10.259,9.292,3.338
10,12.063,8.078,11.853,10.974,6.872
11,9.658,8.632,12.44,12.595,11.371
12,8.957,13.037,15.592,14.578,13.618
13,15.259,16.498,15.756,16.32,11.4
14,18.494,17.315,18.37,17.108,15.114
15,18.494,17.53,18.73,18.253,14.915
16,18.494,17.424,17.79,18.728,16.489
17,18.494,18.089,18.523,17.619,6.79
18,15.335,17.132,18.355,16.164,3.592
19,12.063,15.912,16.354,13.953,1.653
20,16.709,17.248,17.757,12.652,0.671
21,14.753,14.749,15.848,12.363,4.399
22,12.063,11.267,11.781,12.543,6.052
23,8.957,8.805,6.988,11.781,5.239
