fecha,hora,modelo,pred
2026-09-16,0,Curva de potencia empírica,16.732296929550827
2026-09-16,1,Curva de potencia empírica,17.630486570500324
2026-09-16,2,Curva de potencia empírica,17.2338643249803
2026-09-16,3,Curva de potencia empírica,16.58600643921723
2026-09-16,4,Curva de potencia empírica,16.962181985789332
2026-09-16,5,Curva de potencia empírica,16.281783907007096
2026-09-16,6,Curva de potencia empírica,15.445487302326242
2026-09-16,7,Curva de potencia empírica,11.050901
2026-09-16,8,Curva de potencia empírica,11.050901
2026-09-16,9,Curva de potencia empírica,11.150482676190476
2026-09-16,10,Curva de potencia empírica,13.163279303174606
2026-09-16,11,Curva de potencia empírica,13.292925034126984
2026-09-16,12,Curva de potencia empírica,11.098202296190475
2026-09-16,13,Curva de potencia empírica,11.564315288095237
2026-09-16,14,Curva de potencia empírica,15.232556180333335
2026-09-16,15,Curva de potencia empírica,17.98635263510404
2026-09-16,16,Curva de potencia empírica,18.211122325581396
2026-09-16,17,Curva de potencia empírica,18.211122325581396
2026-09-16,18,Curva de potencia empírica,16.89948606136065
2026-09-16,19,Curva de potencia empírica,16.544209156264778
2026-09-16,20,Curva de potencia empírica,15.947265265134751
2026-09-16,21,Curva de potencia empírica,17.10847247612293
2026-09-16,22,Curva de potencia empírica,16.11452458607092
2026-09-16,23,Curva de potencia empírica,14.023660038888888
2026-09-16,0,GBM cuantil óptimo,17.809464698800436
2026-09-16,1,GBM cuantil óptimo,17.340022633213437
2026-09-16,2,GBM cuantil óptimo,16.80014893240042
2026-09-16,3,GBM cuantil óptimo,16.586323760702417
2026-09-16,4,GBM cuantil óptimo,17.76214901670751
2026-09-16,5,GBM cuantil óptimo,15.063491493572773
2026-09-16,6,GBM cuantil óptimo,13.602951959065756
2026-09-16,7,GBM cuantil óptimo,5.696486448310406
2026-09-16,8,GBM cuantil óptimo,6.655638317940108
2026-09-16,9,GBM cuantil óptimo,6.0997171402292585
2026-09-16,10,GBM cuantil óptimo,8.285624893681483
2026-09-16,11,GBM cuantil óptimo,8.68863255481683
2026-09-16,12,GBM cuantil óptimo,9.798032042418486
2026-09-16,13,GBM cuantil óptimo,15.865941868288294
2026-09-16,14,GBM cuantil óptimo,15.845775811433311
2026-09-16,15,GBM cuantil óptimo,18.173486110823124
2026-09-16,16,GBM cuantil óptimo,18.72030316009235
2026-09-16,17,GBM cuantil óptimo,18.78413278434318
2026-09-16,18,GBM cuantil óptimo,18.231694682381058
2026-09-16,19,GBM cuantil óptimo,17.38982137760408
2026-09-16,20,GBM cuantil óptimo,17.310014851344302
2026-09-16,21,GBM cuantil óptimo,18.131713373834156
2026-09-16,22,GBM cuantil óptimo,17.20963092102134
2026-09-16,23,GBM cuantil óptimo,16.53305422102623
2026-09-16,0,GBM viento,17.616184211456684
2026-09-16,1,GBM viento,17.453151035074885
2026-09-16,2,GBM viento,17.20139958516199
2026-09-16,3,GBM viento,17.33579430204478
2026-09-16,4,GBM viento,17.634496797396544
2026-09-16,5,GBM viento,14.698371752500467
2026-09-16,6,GBM viento,14.554656443466227
2026-09-16,7,GBM viento,9.85297004373241
2026-09-16,8,GBM viento,11.490872235810693
2026-09-16,9,GBM viento,6.816759672661343
2026-09-16,10,GBM viento,7.60030839356671
2026-09-16,11,GBM viento,8.708392648486639
2026-09-16,12,GBM viento,12.22784501698433
2026-09-16,13,GBM viento,16.4577324951719
2026-09-16,14,GBM viento,15.775290055312793
2026-09-16,15,GBM viento,18.10403145501246
2026-09-16,16,GBM viento,18.72438855142589
2026-09-16,17,GBM viento,18.731943509386095
2026-09-16,18,GBM viento,18.301497038945094
2026-09-16,19,GBM viento,17.372008520345897
2026-09-16,20,GBM viento,16.988528610215813
2026-09-16,21,GBM viento,17.527715254992657
2026-09-16,22,GBM viento,17.669395691780945
2026-09-16,23,GBM viento,15.926204803557312
2026-09-16,0,Perfil horario 14 días,16.64568125
2026-09-16,1,Perfil horario 14 días,15.84298375
2026-09-16,2,Perfil horario 14 días,15.373621250000001
2026-09-16,3,Perfil horario 14 días,15.0974275
2026-09-16,4,Perfil horario 14 días,16.2512775
2026-09-16,5,Perfil horario 14 días,15.72392625
2026-09-16,6,Perfil horario 14 días,15.674505
2026-09-16,7,Perfil horario 14 días,15.68471875
2026-09-16,8,Perfil horario 14 días,15.960965
2026-09-16,9,Perfil horario 14 días,17.384161250000002
2026-09-16,10,Perfil horario 14 días,17.1709825
2026-09-16,11,Perfil horario 14 días,16.92193375
2026-09-16,12,Perfil horario 14 días,17.25761125
2026-09-16,13,Perfil horario 14 días,17.530555
2026-09-16,14,Perfil horario 14 días,18.0628075
2026-09-16,15,Perfil horario 14 días,18.20154375
2026-09-16,16,Perfil horario 14 días,18.1923175
2026-09-16,17,Perfil horario 14 días,18.43653
2026-09-16,18,Perfil horario 14 días,18.629515
2026-09-16,19,Perfil horario 14 días,18.22179375
2026-09-16,20,Perfil horario 14 días,18.32142875
2026-09-16,21,Perfil horario 14 días,18.258685
2026-09-16,22,Perfil horario 14 días,18.23391625
2026-09-16,23,Perfil horario 14 días,16.870103333333333
2026-09-16,0,Persistencia,9.41555
2026-09-16,1,Persistencia,3.18971
2026-09-16,2,Persistencia,6.90691
2026-09-16,3,Persistencia,10.47827
2026-09-16,4,Persistencia,14.71204
2026-09-16,5,Persistencia,16.60564
2026-09-16,6,Persistencia,16.829900000000002
2026-09-16,7,Persistencia,15.3653
2026-09-16,8,Persistencia,15.5335
2026-09-16,9,Persistencia,14.7595
2026-09-16,10,Persistencia,14.22319
2026-09-16,11,Persistencia,16.65177
2026-09-16,12,Persistencia,17.05189
2026-09-16,13,Persistencia,18.19612
2026-09-16,14,Persistencia,18.6495
2026-09-16,15,Persistencia,17.02976
2026-09-16,16,Persistencia,17.04082
2026-09-16,17,Persistencia,18.10084
2026-09-16,18,Persistencia,18.0701
2026-09-16,19,Persistencia,17.85087
2026-09-16,20,Persistencia,18.76166
2026-09-16,21,Persistencia,18.71008
2026-09-16,22,Persistencia,18.78845
2026-09-16,23,Persistencia,16.71855
2026-09-17,0,Curva de potencia empírica,12.87937454054054
2026-09-17,1,Curva de potencia empírica,14.829362187698159
2026-09-17,2,Curva de potencia empírica,14.80631603762418
2026-09-17,3,Curva de potencia empírica,14.93306986303107
2026-09-17,4,Curva de potencia empírica,14.93306986303107
2026-09-17,5,Curva de potencia empírica,14.564331461847388
2026-09-17,6,Curva de potencia empírica,12.789833199999997
2026-09-17,7,Curva de potencia empírica,10.93197346
2026-09-17,8,Curva de potencia empírica,10.405294354285715
2026-09-17,9,Curva de potencia empírica,11.050901
2026-09-17,10,Curva de potencia empírica,13.60223669682314
2026-09-17,11,Curva de potencia empírica,14.58737761192137
2026-09-17,12,Curva de potencia empírica,12.580903405405408
2026-09-17,13,Curva de potencia empírica,12.19289092972973
2026-09-17,14,Curva de potencia empírica,12.939068767567568
2026-09-17,15,Curva de potencia empírica,11.050901
2026-09-17,16,Curva de potencia empírica,12.371973610810812
2026-09-17,17,Curva de potencia empírica,17.75738854903305
2026-09-17,18,Curva de potencia empírica,18.154238584537207
2026-09-17,19,Curva de potencia empírica,16.29574452756024
2026-09-17,20,Curva de potencia empírica,12.670444745945947
2026-09-17,21,Curva de potencia empírica,11.127051680000001
2026-09-17,22,Curva de potencia empírica,11.050901
2026-09-17,23,Curva de potencia empírica,13.901806829397817
2026-09-17,0,GBM cuantil óptimo,13.549459553700393
2026-09-17,1,GBM cuantil óptimo,15.130309950666433
2026-09-17,2,GBM cuantil óptimo,14.550738984882305
2026-09-17,3,GBM cuantil óptimo,14.148235560288423
2026-09-17,4,GBM cuantil óptimo,14.577460822846616
2026-09-17,5,GBM cuantil óptimo,14.624244010985189
2026-09-17,6,GBM cuantil óptimo,9.27526327566934
2026-09-17,7,GBM cuantil óptimo,7.2722317157311585
2026-09-17,8,GBM cuantil óptimo,7.357983213418341
2026-09-17,9,GBM cuantil óptimo,8.426549728870869
2026-09-17,10,GBM cuantil óptimo,11.201670093538963
2026-09-17,11,GBM cuantil óptimo,12.18978938446853
2026-09-17,12,GBM cuantil óptimo,9.452407705594197
2026-09-17,13,GBM cuantil óptimo,11.352837253167564
2026-09-17,14,GBM cuantil óptimo,14.21161265364342
2026-09-17,15,GBM cuantil óptimo,14.704908217955873
2026-09-17,16,GBM cuantil óptimo,15.703909096477306
2026-09-17,17,GBM cuantil óptimo,18.8941315037143
2026-09-17,18,GBM cuantil óptimo,18.626166230263788
2026-09-17,19,GBM cuantil óptimo,17.099358543976155
2026-09-17,20,GBM cuantil óptimo,16.171985244911127
2026-09-17,21,GBM cuantil óptimo,13.86168378355148
2026-09-17,22,GBM cuantil óptimo,7.470658050832098
2026-09-17,23,GBM cuantil óptimo,15.490641789152816
2026-09-17,0,GBM viento,13.757188772361605
2026-09-17,1,GBM viento,17.291236139846564
2026-09-17,2,GBM viento,16.125611223035335
2026-09-17,3,GBM viento,15.34769995116162
2026-09-17,4,GBM viento,17.189917069029555
2026-09-17,5,GBM viento,15.245103091322886
2026-09-17,6,GBM viento,11.485978056634927
2026-09-17,7,GBM viento,8.569856799774579
2026-09-17,8,GBM viento,8.619568165049845
2026-09-17,9,GBM viento,11.465969110632521
2026-09-17,10,GBM viento,12.039972170881063
2026-09-17,11,GBM viento,15.72180687789726
2026-09-17,12,GBM viento,14.507808616031951
2026-09-17,13,GBM viento,10.899795926034894
2026-09-17,14,GBM viento,13.218207781595043
2026-09-17,15,GBM viento,13.460792724076475
2026-09-17,16,GBM viento,16.359090877448562
2026-09-17,17,GBM viento,19.1411749643894
2026-09-17,18,GBM viento,18.586687995602215
2026-09-17,19,GBM viento,17.166436058442347
2026-09-17,20,GBM viento,18.65503890040768
2026-09-17,21,GBM viento,14.09930039708524
2026-09-17,22,GBM viento,10.243606930970165
2026-09-17,23,GBM viento,16.226719141941764
2026-09-17,0,Perfil horario 14 días,15.866342222222222
2026-09-17,1,Perfil horario 14 días,14.35365
2026-09-17,2,Perfil horario 14 días,13.839292222222223
2026-09-17,3,Perfil horario 14 días,13.80910888888889
2026-09-17,4,Perfil horario 14 días,15.276606666666668
2026-09-17,5,Perfil horario 14 días,15.738625555555554
2026-09-17,6,Perfil horario 14 días,15.95812777777778
2026-09-17,7,Perfil horario 14 días,16.035525555555555
2026-09-17,8,Perfil horario 14 días,16.287213333333334
2026-09-17,9,Perfil horario 14 días,17.552943333333335
2026-09-17,10,Perfil horario 14 días,17.362003333333334
2026-09-17,11,Perfil horario 14 días,17.140365555555555
2026-09-17,12,Perfil horario 14 días,17.43821111111111
2026-09-17,13,Perfil horario 14 días,17.679693333333333
2026-09-17,14,Perfil horario 14 días,18.152952222222225
2026-09-17,15,Perfil horario 14 días,18.27797111111111
2026-09-17,16,Perfil horario 14 días,18.251776666666668
2026-09-17,17,Perfil horario 14 días,18.331794444444444
2026-09-17,18,Perfil horario 14 días,18.154296666666667
2026-09-17,19,Perfil horario 14 días,17.840757777777778
2026-09-17,20,Perfil horario 14 días,18.09905777777778
2026-09-17,21,Perfil horario 14 días,18.32563222222222
2026-09-17,22,Perfil horario 14 días,18.310117777777776
2026-09-17,23,Perfil horario 14 días,17.749944444444445
2026-09-17,0,Persistencia,9.63163
2026-09-17,1,Persistencia,2.43898
2026-09-17,2,Persistencia,1.5646600000000002
2026-09-17,3,Persistencia,3.50256
2026-09-17,4,Persistencia,7.47924
2026-09-17,5,Persistencia,15.856219999999999
2026-09-17,6,Persistencia,18.22711
2026-09-17,7,Persistencia,18.84198
2026-09-17,8,Persistencia,18.8972
2026-09-17,9,Persistencia,18.903200000000002
2026-09-17,10,Persistencia,18.890169999999998
2026-09-17,11,Persistencia,18.88782
2026-09-17,12,Persistencia,18.88301
2026-09-17,13,Persistencia,18.872799999999998
2026-09-17,14,Persistencia,18.87411
2026-09-17,15,Persistencia,18.88939
2026-09-17,16,Persistencia,18.72745
2026-09-17,17,Persistencia,17.49391
2026-09-17,18,Persistencia,14.352549999999999
2026-09-17,19,Persistencia,14.79247
2026-09-17,20,Persistencia,16.32009
2026-09-17,21,Persistencia,18.86121
2026-09-17,22,Persistencia,18.91973
2026-09-17,23,Persistencia,18.81108
2026-09-18,0,Curva de potencia empírica,16.868196800904975
2026-09-18,1,Curva de potencia empírica,17.953313896582397
2026-09-18,2,Curva de potencia empírica,17.82273575721154
2026-09-18,3,Curva de potencia empírica,17.968007653651686
2026-09-18,4,Curva de potencia empírica,18.085557710205993
2026-09-18,5,Curva de potencia empírica,18.041476438998128
2026-09-18,6,Curva de potencia empírica,17.593691533653846
2026-09-18,7,Curva de potencia empírica,16.963663231523377
2026-09-18,8,Curva de potencia empírica,17.230969237254904
2026-09-18,9,Curva de potencia empírica,17.788803279647436
2026-09-18,10,Curva de potencia empírica,18.210454645294945
2026-09-18,11,Curva de potencia empírica,17.62762401121795
2026-09-18,12,Curva de potencia empírica,14.818021536389452
2026-09-18,13,Curva de potencia empírica,14.797544209655173
2026-09-18,14,Curva de potencia empírica,17.517343459134615
2026-09-18,15,Curva de potencia empírica,18.535097162162163
2026-09-18,16,Curva de potencia empírica,18.571288914054055
2026-09-18,17,Curva de potencia empírica,18.535097162162163
2026-09-18,18,Curva de potencia empírica,18.144332738483147
2026-09-18,19,Curva de potencia empírica,16.619984081297137
2026-09-18,20,Curva de potencia empírica,14.091955139876214
2026-09-18,21,Curva de potencia empírica,12.549842197743592
2026-09-18,22,Curva de potencia empírica,13.600427681343941
2026-09-18,23,Curva de potencia empírica,14.04727082546419
2026-09-18,0,GBM cuantil óptimo,14.876676735542379
2026-09-18,1,GBM cuantil óptimo,16.71784209869666
2026-09-18,2,GBM cuantil óptimo,16.828265636913574
2026-09-18,3,GBM cuantil óptimo,16.604823285411722
2026-09-18,4,GBM cuantil óptimo,16.230303254175265
2026-09-18,5,GBM cuantil óptimo,16.216694643829833
2026-09-18,6,GBM cuantil óptimo,16.074831605293703
2026-09-18,7,GBM cuantil óptimo,15.274398931106093
2026-09-18,8,GBM cuantil óptimo,16.9065802339439
2026-09-18,9,GBM cuantil óptimo,17.197742179122855
2026-09-18,10,GBM cuantil óptimo,17.138702516122894
2026-09-18,11,GBM cuantil óptimo,16.515327492935633
2026-09-18,12,GBM cuantil óptimo,14.043256724544177
2026-09-18,13,GBM cuantil óptimo,14.987860800710555
2026-09-18,14,GBM cuantil óptimo,17.878355821434717
2026-09-18,15,GBM cuantil óptimo,18.418821152479836
2026-09-18,16,GBM cuantil óptimo,18.22211894035432
2026-09-18,17,GBM cuantil óptimo,18.174886482163203
2026-09-18,18,GBM cuantil óptimo,18.295049741383067
2026-09-18,19,GBM cuantil óptimo,17.018914618721023
2026-09-18,20,GBM cuantil óptimo,15.22203736044213
2026-09-18,21,GBM cuantil óptimo,15.534962714185902
2026-09-18,22,GBM cuantil óptimo,17.73638459373521
2026-09-18,23,GBM cuantil óptimo,17.25955531886139
2026-09-18,0,GBM viento,15.116845805887897
2026-09-18,1,GBM viento,16.348021776684206
2026-09-18,2,GBM viento,16.29678617363804
2026-09-18,3,GBM viento,15.137456604441475
2026-09-18,4,GBM viento,15.41858830605576
2026-09-18,5,GBM viento,15.78754061699338
2026-09-18,6,GBM viento,14.67732609136294
2026-09-18,7,GBM viento,14.901553352657242
2026-09-18,8,GBM viento,16.71227210398454
2026-09-18,9,GBM viento,17.437338810990994
2026-09-18,10,GBM viento,16.963184633785005
2026-09-18,11,GBM viento,16.147468742306465
2026-09-18,12,GBM viento,14.12799373718789
2026-09-18,13,GBM viento,16.7078432868497
2026-09-18,14,GBM viento,18.32134698448757
2026-09-18,15,GBM viento,18.60836333815281
2026-09-18,16,GBM viento,18.038696964167492
2026-09-18,17,GBM viento,18.41467895450698
2026-09-18,18,GBM viento,18.83121351747645
2026-09-18,19,GBM viento,17.569487595290543
2026-09-18,20,GBM viento,17.224472336276605
2026-09-18,21,GBM viento,16.98780624231926
2026-09-18,22,GBM viento,16.761729536195826
2026-09-18,23,GBM viento,16.55740256494265
2026-09-18,0,Perfil horario 14 días,16.160839
2026-09-18,1,Perfil horario 14 días,14.809844000000002
2026-09-18,2,Perfil horario 14 días,14.342170000000001
2026-09-18,3,Perfil horario 14 días,14.316663
2026-09-18,4,Perfil horario 14 días,15.489972
2026-09-18,5,Perfil horario 14 días,15.661017000000001
2026-09-18,6,Perfil horario 14 días,15.219356999999999
2026-09-18,7,Perfil horario 14 días,14.935489999999998
2026-09-18,8,Perfil horario 14 días,15.137087
2026-09-18,9,Perfil horario 14 días,17.117808
2026-09-18,10,Perfil horario 14 días,17.444544999999998
2026-09-18,11,Perfil horario 14 días,16.845613
2026-09-18,12,Perfil horario 14 días,17.454565
2026-09-18,13,Perfil horario 14 días,17.552529999999997
2026-09-18,14,Perfil horario 14 días,18.13387
2026-09-18,15,Perfil horario 14 días,18.28639
2026-09-18,16,Perfil horario 14 días,18.303476
2026-09-18,17,Perfil horario 14 días,18.386993
2026-09-18,18,Perfil horario 14 días,18.172541000000002
2026-09-18,19,Perfil horario 14 días,17.902669
2026-09-18,20,Perfil horario 14 días,18.106949
2026-09-18,21,Perfil horario 14 días,18.265787
2026-09-18,22,Perfil horario 14 días,18.19108
2026-09-18,23,Perfil horario 14 días,17.553131
2026-09-18,0,Persistencia,18.811310000000002
2026-09-18,1,Persistencia,18.91559
2026-09-18,2,Persistencia,18.86807
2026-09-18,3,Persistencia,18.88465
2026-09-18,4,Persistencia,17.410259999999997
2026-09-18,5,Persistencia,14.96254
2026-09-18,6,Persistencia,8.57042
2026-09-18,7,Persistencia,5.03517
2026-09-18,8,Persistencia,4.78595
2026-09-18,9,Persistencia,13.20159
2026-09-18,10,Persistencia,18.18742
2026-09-18,11,Persistencia,14.19284
2026-09-18,12,Persistencia,17.60175
2026-09-18,13,Persistencia,16.408060000000003
2026-09-18,14,Persistencia,17.962130000000002
2026-09-18,15,Persistencia,18.36216
2026-09-18,16,Persistencia,18.76877
2026-09-18,17,Persistencia,18.883779999999998
2026-09-18,18,Persistencia,18.336740000000002
2026-09-18,19,Persistencia,18.45987
2026-09-18,20,Persistencia,18.177970000000002
2026-09-18,21,Persistencia,17.72718
2026-09-18,22,Persistencia,17.11974
2026-09-18,23,Persistencia,15.78181
2026-09-22,0,Curva de potencia empírica,0.0
2026-09-22,1,Curva de potencia empírica,0.0
2026-09-22,2,Curva de potencia empírica,0.0
2026-09-22,3,Curva de potencia empírica,0.0
2026-09-22,4,Curva de potencia empírica,0.0
2026-09-22,5,Curva de potencia empírica,0.0
2026-09-22,6,Curva de potencia empírica,0.0
2026-09-22,7,Curva de potencia empírica,0.0
2026-09-22,8,Curva de potencia empírica,0.0
2026-09-22,9,Curva de potencia empírica,0.0
2026-09-22,10,Curva de potencia empírica,0.0
2026-09-22,11,Curva de potencia empírica,0.0
2026-09-22,12,Curva de potencia empírica,8.453059725000001
2026-09-22,13,Curva de potencia empírica,11.78780674444444
2026-09-22,14,Curva de potencia empírica,16.203325307256893
2026-09-22,15,Curva de potencia empírica,17.978080139152436
2026-09-22,16,Curva de potencia empírica,18.195095811039426
2026-09-22,17,Curva de potencia empírica,18.35808020024024
2026-09-22,18,Curva de potencia empírica,17.236840121469715
2026-09-22,19,Curva de potencia empírica,16.347869292639437
2026-09-22,20,Curva de potencia empírica,14.59932094078675
2026-09-22,21,Curva de potencia empírica,14.061380897722568
2026-09-22,22,Curva de potencia empírica,12.577177222222224
2026-09-22,23,Curva de potencia empírica,12.577177222222224
2026-09-22,0,GBM cuantil óptimo,7.3873968740447795
2026-09-22,1,GBM cuantil óptimo,4.125528020041055
2026-09-22,2,GBM cuantil óptimo,5.35349174341271
2026-09-22,3,GBM cuantil óptimo,5.6588609345395575
2026-09-22,4,GBM cuantil óptimo,5.143314579175335
2026-09-22,5,GBM cuantil óptimo,4.442638691971448
2026-09-22,6,GBM cuantil óptimo,4.037091298794656
2026-09-22,7,GBM cuantil óptimo,4.670292589099732
2026-09-22,8,GBM cuantil óptimo,4.4608797308614845
2026-09-22,9,GBM cuantil óptimo,5.057023899885868
2026-09-22,10,GBM cuantil óptimo,3.2678870311848645
2026-09-22,11,GBM cuantil óptimo,4.054602531756859
2026-09-22,12,GBM cuantil óptimo,6.733867352078768
2026-09-22,13,GBM cuantil óptimo,15.316895062728207
2026-09-22,14,GBM cuantil óptimo,17.612033285560205
2026-09-22,15,GBM cuantil óptimo,18.660888196999665
2026-09-22,16,GBM cuantil óptimo,18.560947632929693
2026-09-22,17,GBM cuantil óptimo,18.58391281615569
2026-09-22,18,GBM cuantil óptimo,18.0982678507333
2026-09-22,19,GBM cuantil óptimo,17.78138284293417
2026-09-22,20,GBM cuantil óptimo,15.376452557484395
2026-09-22,21,GBM cuantil óptimo,15.925613422689079
2026-09-22,22,GBM cuantil óptimo,16.144721621067024
2026-09-22,23,GBM cuantil óptimo,15.987195229137406
2026-09-22,0,GBM viento,10.14449954718117
2026-09-22,1,GBM viento,7.1821549933275906
2026-09-22,2,GBM viento,6.153599503215319
2026-09-22,3,GBM viento,5.904020859632401
2026-09-22,4,GBM viento,5.088089974909081
2026-09-22,5,GBM viento,4.961466855826676
2026-09-22,6,GBM viento,5.369813216303352
2026-09-22,7,GBM viento,5.620851185362019
2026-09-22,8,GBM viento,5.896613345311382
2026-09-22,9,GBM viento,5.642551679790508
2026-09-22,10,GBM viento,6.781909312263105
2026-09-22,11,GBM viento,10.105176710787449
2026-09-22,12,GBM viento,8.45195751935573
2026-09-22,13,GBM viento,17.329584666573815
2026-09-22,14,GBM viento,18.36625151486166
2026-09-22,15,GBM viento,18.66284827880742
2026-09-22,16,GBM viento,18.282866394243324
2026-09-22,17,GBM viento,18.524235517513045
2026-09-22,18,GBM viento,18.03111350781046
2026-09-22,19,GBM viento,18.614465556993817
2026-09-22,20,GBM viento,17.789107479548854
2026-09-22,21,GBM viento,15.072148687917013
2026-09-22,22,GBM viento,16.925217430750596
2026-09-22,23,GBM viento,16.570952502713777
2026-09-22,0,Perfil horario 14 días,16.289905
2026-09-22,1,Perfil horario 14 días,14.770626666666667
2026-09-22,2,Perfil horario 14 días,14.406797500000001
2026-09-22,3,Perfil horario 14 días,14.023055
2026-09-22,4,Perfil horario 14 días,15.185256666666666
2026-09-22,5,Perfil horario 14 días,15.308280833333333
2026-09-22,6,Perfil horario 14 días,13.917690833333333
2026-09-22,7,Perfil horario 14 días,13.303535833333333
2026-09-22,8,Perfil horario 14 días,14.368568333333334
2026-09-22,9,Perfil horario 14 días,17.18212
2026-09-22,10,Perfil horario 14 días,17.563223333333333
2026-09-22,11,Perfil horario 14 días,17.042136666666668
2026-09-22,12,Perfil horario 14 días,17.3084925
2026-09-22,13,Perfil horario 14 días,17.217234166666668
2026-09-22,14,Perfil horario 14 días,17.691435833333333
2026-09-22,15,Perfil horario 14 días,17.963945
2026-09-22,16,Perfil horario 14 días,18.270242500000002
2026-09-22,17,Perfil horario 14 días,18.468858333333333
2026-09-22,18,Perfil horario 14 días,18.2459025
2026-09-22,19,Perfil horario 14 días,17.6432075
2026-09-22,20,Perfil horario 14 días,17.872042500000003
2026-09-22,21,Perfil horario 14 días,18.039411666666666
2026-09-22,22,Perfil horario 14 días,18.302350833333332
2026-09-22,23,Perfil horario 14 días,17.779393333333335
2026-09-22,0,Persistencia,18.12236
2026-09-22,1,Persistencia,17.24772
2026-09-22,2,Persistencia,13.339799999999999
2026-09-22,3,Persistencia,9.43356
2026-09-22,4,Persistencia,12.30248
2026-09-22,5,Persistencia,9.448319999999999
2026-09-22,6,Persistencia,3.50504
2026-09-22,7,Persistencia,6.58288
2026-09-22,8,Persistencia,18.76433
2026-09-22,9,Persistencia,18.94159
2026-09-22,10,Persistencia,18.87797
2026-09-22,11,Persistencia,18.17286
2026-09-22,12,Persistencia,15.9439
2026-09-22,13,Persistencia,15.00396
2026-09-22,14,Persistencia,16.79305
2026-09-22,15,Persistencia,17.06304
2026-09-22,16,Persistencia,17.75418
2026-09-22,17,Persistencia,18.94034
2026-09-22,18,Persistencia,18.87799
2026-09-22,19,Persistencia,18.87583
2026-09-22,20,Persistencia,17.47565
2026-09-22,21,Persistencia,17.99539
2026-09-22,22,Persistencia,18.88913
2026-09-22,23,Persistencia,18.90783
2026-09-23,0,Curva de potencia empírica,12.577177222222224
2026-09-23,1,Curva de potencia empírica,13.098115100000001
2026-09-23,2,Curva de potencia empírica,13.03016668115942
2026-09-23,3,Curva de potencia empírica,12.781022478743962
2026-09-23,4,Curva de potencia empírica,12.599826695169083
2026-09-23,5,Curva de potencia empírica,13.89586088447205
2026-09-23,6,Curva de potencia empírica,14.774404403663006
2026-09-23,7,Curva de potencia empírica,14.537250935817807
2026-09-23,8,Curva de potencia empírica,14.185520907660457
2026-09-23,9,Curva de potencia empírica,13.347259302415459
2026-09-23,10,Curva de potencia empírica,12.758373005797102
2026-09-23,11,Curva de potencia empírica,13.14341404589372
2026-09-23,12,Curva de potencia empírica,13.392558248309179
2026-09-23,13,Curva de potencia empírica,17.11036028141013
2026-09-23,14,Curva de potencia empírica,18.535097162162163
2026-09-23,15,Curva de potencia empírica,18.535097162162163
2026-09-23,16,Curva de potencia empírica,17.67971540006325
2026-09-23,17,Curva de potencia empírica,16.929674795610723
2026-09-23,18,Curva de potencia empírica,16.459892532532272
2026-09-23,19,Curva de potencia empírica,17.11036028141013
2026-09-23,20,Curva de potencia empírica,15.827510945262286
2026-09-23,21,Curva de potencia empírica,15.50951417742069
2026-09-23,22,Curva de potencia empírica,13.999310892753625
2026-09-23,23,Curva de potencia empírica,12.735723532850244
2026-09-23,0,GBM cuantil óptimo,12.957299636029434
2026-09-23,1,GBM cuantil óptimo,12.110590250473667
2026-09-23,2,GBM cuantil óptimo,10.687952831501457
2026-09-23,3,GBM cuantil óptimo,9.242458244402735
2026-09-23,4,GBM cuantil óptimo,9.205547393600169
2026-09-23,5,GBM cuantil óptimo,12.232042785889055
2026-09-23,6,GBM cuantil óptimo,13.218822476225634
2026-09-23,7,GBM cuantil óptimo,13.781515785142734
2026-09-23,8,GBM cuantil óptimo,13.571165424865548
2026-09-23,9,GBM cuantil óptimo,11.24256221809748
2026-09-23,10,GBM cuantil óptimo,9.246581960086974
2026-09-23,11,GBM cuantil óptimo,11.11287642475191
2026-09-23,12,GBM cuantil óptimo,14.224899234036275
2026-09-23,13,GBM cuantil óptimo,17.741594849378934
2026-09-23,14,GBM cuantil óptimo,16.884549431444356
2026-09-23,15,GBM cuantil óptimo,18.82959698520635
2026-09-23,16,GBM cuantil óptimo,18.796584188748454
2026-09-23,17,GBM cuantil óptimo,18.585322838281215
2026-09-23,18,GBM cuantil óptimo,18.155047752750576
2026-09-23,19,GBM cuantil óptimo,18.38418436170248
2026-09-23,20,GBM cuantil óptimo,18.285548849736177
2026-09-23,21,GBM cuantil óptimo,18.025966631916205
2026-09-23,22,GBM cuantil óptimo,17.204741870733162
2026-09-23,23,GBM cuantil óptimo,17.675161044030293
2026-09-23,0,GBM viento,12.721747682290466
2026-09-23,1,GBM viento,11.205332604512892
2026-09-23,2,GBM viento,10.865019554136113
2026-09-23,3,GBM viento,8.724140616713244
2026-09-23,4,GBM viento,10.209544438160796
2026-09-23,5,GBM viento,10.005644727143533
2026-09-23,6,GBM viento,15.844635685674575
2026-09-23,7,GBM viento,15.25319703451668
2026-09-23,8,GBM viento,13.304176413857599
2026-09-23,9,GBM viento,15.256478203007783
2026-09-23,10,GBM viento,12.76037042771082
2026-09-23,11,GBM viento,12.724281758526478
2026-09-23,12,GBM viento,16.721054332305048
2026-09-23,13,GBM viento,18.285362513601605
2026-09-23,14,GBM viento,18.671121199628416
2026-09-23,15,GBM viento,19.08791102418337
2026-09-23,16,GBM viento,18.68139250291316
2026-09-23,17,GBM viento,18.791392227839452
2026-09-23,18,GBM viento,18.519654590626725
2026-09-23,19,GBM viento,18.735270228175324
2026-09-23,20,GBM viento,19.0556697563483
2026-09-23,21,GBM viento,18.768395981681145
2026-09-23,22,GBM viento,16.320818530711747
2026-09-23,23,GBM viento,17.91229481154812
2026-09-23,0,Perfil horario 14 días,16.289905
2026-09-23,1,Perfil horario 14 días,14.770626666666667
2026-09-23,2,Perfil horario 14 días,14.406797500000001
2026-09-23,3,Perfil horario 14 días,14.023055
2026-09-23,4,Perfil horario 14 días,15.185256666666666
2026-09-23,5,Perfil horario 14 días,15.308280833333333
2026-09-23,6,Perfil horario 14 días,13.917690833333333
2026-09-23,7,Perfil horario 14 días,13.303535833333333
2026-09-23,8,Perfil horario 14 días,14.368568333333334
2026-09-23,9,Perfil horario 14 días,17.18212
2026-09-23,10,Perfil horario 14 días,17.563223333333333
2026-09-23,11,Perfil horario 14 días,17.042136666666668
2026-09-23,12,Perfil horario 14 días,17.3084925
2026-09-23,13,Perfil horario 14 días,17.217234166666668
2026-09-23,14,Perfil horario 14 días,17.691435833333333
2026-09-23,15,Perfil horario 14 días,17.963945
2026-09-23,16,Perfil horario 14 días,18.270242500000002
2026-09-23,17,Perfil horario 14 días,18.468858333333333
2026-09-23,18,Perfil horario 14 días,18.2459025
2026-09-23,19,Perfil horario 14 días,17.6432075
2026-09-23,20,Perfil horario 14 días,17.872042500000003
2026-09-23,21,Perfil horario 14 días,18.039411666666666
2026-09-23,22,Perfil horario 14 días,18.302350833333332
2026-09-23,23,Perfil horario 14 días,17.779393333333335
2026-09-23,0,Persistencia,18.12236
2026-09-23,1,Persistencia,17.24772
2026-09-23,2,Persistencia,13.339799999999999
2026-09-23,3,Persistencia,9.43356
2026-09-23,4,Persistencia,12.30248
2026-09-23,5,Persistencia,9.448319999999999
2026-09-23,6,Persistencia,3.50504
2026-09-23,7,Persistencia,6.58288
2026-09-23,8,Persistencia,18.76433
2026-09-23,9,Persistencia,18.94159
2026-09-23,10,Persistencia,18.87797
2026-09-23,11,Persistencia,18.17286
2026-09-23,12,Persistencia,15.9439
2026-09-23,13,Persistencia,15.00396
2026-09-23,14,Persistencia,16.79305
2026-09-23,15,Persistencia,17.06304
2026-09-23,16,Persistencia,17.75418
2026-09-23,17,Persistencia,18.94034
2026-09-23,18,Persistencia,18.87799
2026-09-23,19,Persistencia,18.87583
2026-09-23,20,Persistencia,17.47565
2026-09-23,21,Persistencia,17.99539
2026-09-23,22,Persistencia,18.88913
2026-09-23,23,Persistencia,18.90783
2026-09-26,0,Curva de potencia empírica,10.289077500000001
2026-09-26,1,Curva de potencia empírica,10.289077500000001
2026-09-26,2,Curva de potencia empírica,10.289077500000001
2026-09-26,3,Curva de potencia empírica,10.14083466666667
2026-09-26,4,Curva de potencia empírica,9.844349000000005
2026-09-26,5,Curva de potencia empírica,10.289077500000001
2026-09-26,6,Curva de potencia empírica,10.289077500000001
2026-09-26,7,Curva de potencia empírica,10.289077500000001
2026-09-26,8,Curva de potencia empírica,10.289077500000001
2026-09-26,9,Curva de potencia empírica,10.289077500000001
2026-09-26,10,Curva de potencia empírica,9.696106166666667
2026-09-26,11,Curva de potencia empírica,7.991313583333336
2026-09-26,12,Curva de potencia empírica,7.9171921666666645
2026-09-26,13,Curva de potencia empírica,10.289077500000001
2026-09-26,14,Curva de potencia empírica,12.666290476190476
2026-09-26,15,Curva de potencia empírica,18.179439181297905
2026-09-26,16,Curva de potencia empírica,17.543901821712268
2026-09-26,17,Curva de potencia empírica,16.546894747272727
2026-09-26,18,Curva de potencia empírica,16.454978174545452
2026-09-26,19,Curva de potencia empírica,16.27506122786561
2026-09-26,20,Curva de potencia empírica,13.189884853479853
2026-09-26,21,Curva de potencia empírica,12.285936399999999
2026-09-26,22,Curva de potencia empírica,10.289077500000001
2026-09-26,23,Curva de potencia empírica,10.289077500000001
2026-09-26,0,GBM cuantil óptimo,6.942535542560213
2026-09-26,1,GBM cuantil óptimo,6.16991933685924
2026-09-26,2,GBM cuantil óptimo,5.712914787787447
2026-09-26,3,GBM cuantil óptimo,1.951037033491055
2026-09-26,4,GBM cuantil óptimo,2.4113559008651664
2026-09-26,5,GBM cuantil óptimo,5.51616152606771
2026-09-26,6,GBM cuantil óptimo,5.7187757096259055
2026-09-26,7,GBM cuantil óptimo,5.8078642732231405
2026-09-26,8,GBM cuantil óptimo,6.669482088910744
2026-09-26,9,GBM cuantil óptimo,8.024304020768808
2026-09-26,10,GBM cuantil óptimo,5.100082487689333
2026-09-26,11,GBM cuantil óptimo,5.345854181642315
2026-09-26,12,GBM cuantil óptimo,5.335920198352892
2026-09-26,13,GBM cuantil óptimo,12.724236882655429
2026-09-26,14,GBM cuantil óptimo,15.947644727803558
2026-09-26,15,GBM cuantil óptimo,18.896579482269296
2026-09-26,16,GBM cuantil óptimo,18.577587842267477
2026-09-26,17,GBM cuantil óptimo,17.652583442499132
2026-09-26,18,GBM cuantil óptimo,16.436680859217173
2026-09-26,19,GBM cuantil óptimo,16.93146154633136
2026-09-26,20,GBM cuantil óptimo,13.968560829243948
2026-09-26,21,GBM cuantil óptimo,11.67957547037318
2026-09-26,22,GBM cuantil óptimo,10.506817191344712
2026-09-26,23,GBM cuantil óptimo,6.5376977991755645
2026-09-26,0,GBM viento,8.12323771233172
2026-09-26,1,GBM viento,8.860060279447774
2026-09-26,2,GBM viento,5.292475225890453
2026-09-26,3,GBM viento,4.764541245347647
2026-09-26,4,GBM viento,5.1441325647641225
2026-09-26,5,GBM viento,5.653673864048232
2026-09-26,6,GBM viento,2.3612045608712493
2026-09-26,7,GBM viento,4.202580187483728
2026-09-26,8,GBM viento,7.0288320077558
2026-09-26,9,GBM viento,10.762123566606062
2026-09-26,10,GBM viento,9.287931645109088
2026-09-26,11,GBM viento,13.43630038196635
2026-09-26,12,GBM viento,10.585286536842863
2026-09-26,13,GBM viento,14.93234037620941
2026-09-26,14,GBM viento,17.058710179807928
2026-09-26,15,GBM viento,19.090129332232692
2026-09-26,16,GBM viento,18.601205533863464
2026-09-26,17,GBM viento,17.79661768394116
2026-09-26,18,GBM viento,15.992195275720295
2026-09-26,19,GBM viento,17.062078464941163
2026-09-26,20,GBM viento,16.500177598220713
2026-09-26,21,GBM viento,12.290436543786699
2026-09-26,22,GBM viento,13.279900125454725
2026-09-26,23,GBM viento,8.977182874309882
2026-09-26,0,Perfil horario 14 días,14.22237909090909
2026-09-26,1,Perfil horario 14 días,12.86311
2026-09-26,2,Perfil horario 14 días,12.31472909090909
2026-09-26,3,Perfil horario 14 días,11.866482727272729
2026-09-26,4,Perfil horario 14 días,13.293197272727271
2026-09-26,5,Perfil horario 14 días,14.272845454545454
2026-09-26,6,Perfil horario 14 días,12.67509909090909
2026-09-26,7,Perfil horario 14 días,12.320016363636364
2026-09-26,8,Perfil horario 14 días,12.89939090909091
2026-09-26,9,Perfil horario 14 días,15.298232727272728
2026-09-26,10,Perfil horario 14 días,16.128053636363635
2026-09-26,11,Perfil horario 14 días,16.81584909090909
2026-09-26,12,Perfil horario 14 días,17.38297818181818
2026-09-26,13,Perfil horario 14 días,17.238041818181816
2026-09-26,14,Perfil horario 14 días,17.597135454545455
2026-09-26,15,Perfil horario 14 días,17.869901818181816
2026-09-26,16,Perfil horario 14 días,18.40688
2026-09-26,17,Perfil horario 14 días,18.563457272727273
2026-09-26,18,Perfil horario 14 días,18.11100272727273
2026-09-26,19,Perfil horario 14 días,17.52447727272727
2026-09-26,20,Perfil horario 14 días,17.234191818181817
2026-09-26,21,Perfil horario 14 días,17.52989090909091
2026-09-26,22,Perfil horario 14 días,17.121727272727274
2026-09-26,23,Perfil horario 14 días,16.405295
2026-09-26,0,Persistencia,12.58869
2026-09-26,1,Persistencia,14.28495
2026-09-26,2,Persistencia,8.63464
2026-09-26,3,Persistencia,4.04384
2026-09-26,4,Persistencia,9.22473
2026-09-26,5,Persistencia,15.445979999999999
2026-09-26,6,Persistencia,14.677959999999999
2026-09-26,7,Persistencia,15.643930000000001
2026-09-26,8,Persistencia,10.88359
2026-09-26,9,Persistencia,9.915209999999998
2026-09-26,10,Persistencia,13.48609
2026-09-26,11,Persistencia,16.08785
2026-09-26,12,Persistencia,17.0388
2026-09-26,13,Persistencia,17.06349
2026-09-26,14,Persistencia,17.0669
2026-09-26,15,Persistencia,17.99204
2026-09-26,16,Persistencia,18.921689999999998
2026-09-26,17,Persistencia,18.594849999999997
2026-09-26,18,Persistencia,17.64525
2026-09-26,19,Persistencia,18.1911
2026-09-26,20,Persistencia,15.739450000000001
2026-09-26,21,Persistencia,17.394689999999997
2026-09-26,22,Persistencia,15.20174
2026-09-26,23,Persistencia,12.502780000000001
2026-09-27,0,Curva de potencia empírica,10.289077500000001
2026-09-27,1,Curva de potencia empírica,10.289077500000001
2026-09-27,2,Curva de potencia empírica,10.289077500000001
2026-09-27,3,Curva de potencia empírica,8.88077058333333
2026-09-27,4,Curva de potencia empírica,5.408163333333333
2026-09-27,5,Curva de potencia empírica,3.8482239333333332
2026-09-27,6,Curva de potencia empírica,0.0
2026-09-27,7,Curva de potencia empírica,6.020581666666667
2026-09-27,8,Curva de potencia empírica,6.420528333333333
2026-09-27,9,Curva de potencia empírica,6.508016666666666
2026-09-27,10,Curva de potencia empírica,7.101856583333335
2026-09-27,11,Curva de potencia empírica,8.436042083333334
2026-09-27,12,Curva de potencia empírica,6.570508333333333
2026-09-27,13,Curva de potencia empírica,8.213677833333332
2026-09-27,14,Curva de potencia empírica,11.097329911904762
2026-09-27,15,Curva de potencia empírica,18.191184162868712
2026-09-27,16,Curva de potencia empírica,18.309381962373628
2026-09-27,17,Curva de potencia empírica,17.447523698852603
2026-09-27,18,Curva de potencia empírica,14.76994680652174
2026-09-27,19,Curva de potencia empírica,14.870397286956521
2026-09-27,20,Curva de potencia empírica,13.420266379487177
2026-09-27,21,Curva de potencia empírica,12.666290476190476
2026-09-27,22,Curva de potencia empírica,12.666290476190476
2026-09-27,23,Curva de potencia empírica,11.810493804761906
2026-09-27,0,GBM cuantil óptimo,6.5289433636372545
2026-09-27,1,GBM cuantil óptimo,7.625289424785573
2026-09-27,2,GBM cuantil óptimo,6.708733478101743
2026-09-27,3,GBM cuantil óptimo,2.00678596227047
2026-09-27,4,GBM cuantil óptimo,2.0867605957166004
2026-09-27,5,GBM cuantil óptimo,2.3908617303140933
2026-09-27,6,GBM cuantil óptimo,1.475194339507168
2026-09-27,7,GBM cuantil óptimo,3.047148897645832
2026-09-27,8,GBM cuantil óptimo,2.884960520917103
2026-09-27,9,GBM cuantil óptimo,3.5945474603605683
2026-09-27,10,GBM cuantil óptimo,4.619914832742841
2026-09-27,11,GBM cuantil óptimo,3.5840603269082845
2026-09-27,12,GBM cuantil óptimo,5.699390900737969
2026-09-27,13,GBM cuantil óptimo,4.705803910435566
2026-09-27,14,GBM cuantil óptimo,11.922697294038954
2026-09-27,15,GBM cuantil óptimo,17.03953239364316
2026-09-27,16,GBM cuantil óptimo,17.823870750225943
2026-09-27,17,GBM cuantil óptimo,18.4486524439321
2026-09-27,18,GBM cuantil óptimo,15.68815149712563
2026-09-27,19,GBM cuantil óptimo,14.802279834685113
2026-09-27,20,GBM cuantil óptimo,14.239567813986039
2026-09-27,21,GBM cuantil óptimo,12.024630764908908
2026-09-27,22,GBM cuantil óptimo,10.719105074661572
2026-09-27,23,GBM cuantil óptimo,11.203049542525298
2026-09-27,0,GBM viento,9.362316137817658
2026-09-27,1,GBM viento,8.496303271608433
2026-09-27,2,GBM viento,6.832945620691614
2026-09-27,3,GBM viento,5.738158687310165
2026-09-27,4,GBM viento,2.4139602276511947
2026-09-27,5,GBM viento,3.450183291219051
2026-09-27,6,GBM viento,3.1639923415505926
2026-09-27,7,GBM viento,3.064538063895892
2026-09-27,8,GBM viento,7.109725578333925
2026-09-27,9,GBM viento,9.07792363399243
2026-09-27,10,GBM viento,10.8892195821193
2026-09-27,11,GBM viento,13.048427936498467
2026-09-27,12,GBM viento,12.286701673298001
2026-09-27,13,GBM viento,12.593831212054726
2026-09-27,14,GBM viento,16.677531488860073
2026-09-27,15,GBM viento,18.423411701397118
2026-09-27,16,GBM viento,17.589697206190536
2026-09-27,17,GBM viento,18.56745839373895
2026-09-27,18,GBM viento,15.840986745998912
2026-09-27,19,GBM viento,16.358836931312347
2026-09-27,20,GBM viento,14.13391670942643
2026-09-27,21,GBM viento,11.424656435599886
2026-09-27,22,GBM viento,13.45771733566937
2026-09-27,23,GBM viento,14.02381862566148
2026-09-27,0,Perfil horario 14 días,14.22237909090909
2026-09-27,1,Perfil horario 14 días,12.86311
2026-09-27,2,Perfil horario 14 días,12.31472909090909
2026-09-27,3,Perfil horario 14 días,11.866482727272729
2026-09-27,4,Perfil horario 14 días,13.293197272727271
2026-09-27,5,Perfil horario 14 días,14.272845454545454
2026-09-27,6,Perfil horario 14 días,12.67509909090909
2026-09-27,7,Perfil horario 14 días,12.320016363636364
2026-09-27,8,Perfil horario 14 días,12.89939090909091
2026-09-27,9,Perfil horario 14 días,15.298232727272728
2026-09-27,10,Perfil horario 14 días,16.128053636363635
2026-09-27,11,Perfil horario 14 días,16.81584909090909
2026-09-27,12,Perfil horario 14 días,17.38297818181818
2026-09-27,13,Perfil horario 14 días,17.238041818181816
2026-09-27,14,Perfil horario 14 días,17.597135454545455
2026-09-27,15,Perfil horario 14 días,17.869901818181816
2026-09-27,16,Perfil horario 14 días,18.40688
2026-09-27,17,Perfil horario 14 días,18.563457272727273
2026-09-27,18,Perfil horario 14 días,18.11100272727273
2026-09-27,19,Perfil horario 14 días,17.52447727272727
2026-09-27,20,Perfil horario 14 días,17.234191818181817
2026-09-27,21,Perfil horario 14 días,17.52989090909091
2026-09-27,22,Perfil horario 14 días,17.121727272727274
2026-09-27,23,Perfil horario 14 días,16.405295
2026-09-27,0,Persistencia,12.58869
2026-09-27,1,Persistencia,14.28495
2026-09-27,2,Persistencia,8.63464
2026-09-27,3,Persistencia,4.04384
2026-09-27,4,Persistencia,9.22473
2026-09-27,5,Persistencia,15.445979999999999
2026-09-27,6,Persistencia,14.677959999999999
2026-09-27,7,Persistencia,15.643930000000001
2026-09-27,8,Persistencia,10.88359
2026-09-27,9,Persistencia,9.915209999999998
2026-09-27,10,Persistencia,13.48609
2026-09-27,11,Persistencia,16.08785
2026-09-27,12,Persistencia,17.0388
2026-09-27,13,Persistencia,17.06349
2026-09-27,14,Persistencia,17.0669
2026-09-27,15,Persistencia,17.99204
2026-09-27,16,Persistencia,18.921689999999998
2026-09-27,17,Persistencia,18.594849999999997
2026-09-27,18,Persistencia,17.64525
2026-09-27,19,Persistencia,18.1911
2026-09-27,20,Persistencia,15.739450000000001
2026-09-27,21,Persistencia,17.394689999999997
2026-09-27,22,Persistencia,15.20174
2026-09-27,23,Persistencia,12.502780000000001
2026-09-28,0,Curva de potencia empírica,9.2250122375
2026-09-28,1,Curva de potencia empírica,8.936419999999998
2026-09-28,2,Curva de potencia empírica,8.936419999999998
2026-09-28,3,Curva de potencia empírica,8.950162487499998
2026-09-28,4,Curva de potencia empírica,8.936419999999998
2026-09-28,5,Curva de potencia empírica,5.873660333333334
2026-09-28,6,Curva de potencia empírica,6.089855133333333
2026-09-28,7,Curva de potencia empírica,8.936419999999998
2026-09-28,8,Curva de potencia empírica,6.342082400000001
2026-09-28,9,Curva de potencia empírica,6.3781148666666665
2026-09-28,10,Curva de potencia empírica,7.603218733333332
2026-09-28,11,Curva de potencia empírica,5.0406833
2026-09-28,12,Curva de potencia empírica,5.441270733333335
2026-09-28,13,Curva de potencia empírica,7.675283666666667
2026-09-28,14,Curva de potencia empírica,9.915180164772726
2026-09-28,15,Curva de potencia empírica,15.91687279432474
2026-09-28,16,Curva de potencia empírica,17.50819535104895
2026-09-28,17,Curva de potencia empírica,16.904365994529364
2026-09-28,18,Curva de potencia empírica,17.1679380769107
2026-09-28,19,Curva de potencia empírica,17.22441780884956
2026-09-28,20,Curva de potencia empírica,16.923192571842318
2026-09-28,21,Curva de potencia empírica,17.42278631188811
2026-09-28,22,Curva de potencia empírica,15.409510380819547
2026-09-28,23,Curva de potencia empírica,13.774012376923075
2026-09-28,0,GBM cuantil óptimo,9.184483542601638
2026-09-28,1,GBM cuantil óptimo,8.348715529767619
2026-09-28,2,GBM cuantil óptimo,3.731396734287275
2026-09-28,3,GBM cuantil óptimo,6.774122260430264
2026-09-28,4,GBM cuantil óptimo,4.224737357785288
2026-09-28,5,GBM cuantil óptimo,1.763561074393041
2026-09-28,6,GBM cuantil óptimo,2.5779655310602174
2026-09-28,7,GBM cuantil óptimo,3.843740734082887
2026-09-28,8,GBM cuantil óptimo,2.5620431355092625
2026-09-28,9,GBM cuantil óptimo,2.4376686431616914
2026-09-28,10,GBM cuantil óptimo,3.045302673667247
2026-09-28,11,GBM cuantil óptimo,4.458094348406866
2026-09-28,12,GBM cuantil óptimo,4.4774645166060365
2026-09-28,13,GBM cuantil óptimo,5.102744257573869
2026-09-28,14,GBM cuantil óptimo,9.415323195109329
2026-09-28,15,GBM cuantil óptimo,16.002581752039017
2026-09-28,16,GBM cuantil óptimo,18.64538062683565
2026-09-28,17,GBM cuantil óptimo,18.1617816417392
2026-09-28,18,GBM cuantil óptimo,17.96471433543181
2026-09-28,19,GBM cuantil óptimo,17.735444719493266
2026-09-28,20,GBM cuantil óptimo,17.18085318353272
2026-09-28,21,GBM cuantil óptimo,17.68012746953663
2026-09-28,22,GBM cuantil óptimo,16.716808265335768
2026-09-28,23,GBM cuantil óptimo,14.133283751924695
2026-09-28,0,GBM viento,11.44256739829737
2026-09-28,1,GBM viento,10.640919692872092
2026-09-28,2,GBM viento,2.7972722264589525
2026-09-28,3,GBM viento,8.095695233363864
2026-09-28,4,GBM viento,7.157898339330283
2026-09-28,5,GBM viento,2.7434559030004615
2026-09-28,6,GBM viento,3.3191922027364886
2026-09-28,7,GBM viento,3.995770377136267
2026-09-28,8,GBM viento,3.4391287345247417
2026-09-28,9,GBM viento,3.6312284831713395
2026-09-28,10,GBM viento,5.139634279829708
2026-09-28,11,GBM viento,9.128255531208115
2026-09-28,12,GBM viento,9.315861491035374
2026-09-28,13,GBM viento,9.282582041242351
2026-09-28,14,GBM viento,10.387172396176917
2026-09-28,15,GBM viento,17.687763689389392
2026-09-28,16,GBM viento,18.514638924784986
2026-09-28,17,GBM viento,18.07190567295581
2026-09-28,18,GBM viento,17.889634286396717
2026-09-28,19,GBM viento,17.711748677569517
2026-09-28,20,GBM viento,17.538598438216898
2026-09-28,21,GBM viento,17.159642037454443
2026-09-28,22,GBM viento,17.157121758680944
2026-09-28,23,GBM viento,15.448383842025432
2026-09-28,0,Perfil horario 14 días,12.747422222222221
2026-09-28,1,Perfil horario 14 días,10.488895555555555
2026-09-28,2,Perfil horario 14 días,9.706695555555555
2026-09-28,3,Perfil horario 14 días,9.263493333333335
2026-09-28,4,Perfil horario 14 días,11.17247222222222
2026-09-28,5,Perfil horario 14 días,13.489697777777778
2026-09-28,6,Perfil horario 14 días,11.762324444444443
2026-09-28,7,Perfil horario 14 días,10.07411
2026-09-28,8,Perfil horario 14 días,10.577655555555555
2026-09-28,9,Perfil horario 14 días,12.937426666666667
2026-09-28,10,Perfil horario 14 días,14.024636666666666
2026-09-28,11,Perfil horario 14 días,15.683292222222223
2026-09-28,12,Perfil horario 14 días,17.379142222222224
2026-09-28,13,Perfil horario 14 días,17.474877777777778
2026-09-28,14,Perfil horario 14 días,17.606585555555554
2026-09-28,15,Perfil horario 14 días,17.85204111111111
2026-09-28,16,Perfil horario 14 días,18.500027777777778
2026-09-28,17,Perfil horario 14 días,18.494813333333333
2026-09-28,18,Perfil horario 14 días,17.71458555555556
2026-09-28,19,Perfil horario 14 días,16.62239111111111
2026-09-28,20,Perfil horario 14 días,15.902561111111112
2026-09-28,21,Perfil horario 14 días,16.581764444444445
2026-09-28,22,Perfil horario 14 días,16.230447777777776
2026-09-28,23,Perfil horario 14 días,15.408963
2026-09-28,0,Persistencia,11.97273
2026-09-28,1,Persistencia,9.026489999999999
2026-09-28,2,Persistencia,7.077
2026-09-28,3,Persistencia,6.53467
2026-09-28,4,Persistencia,6.047149999999999
2026-09-28,5,Persistencia,7.9608
2026-09-28,6,Persistencia,9.08502
2026-09-28,7,Persistencia,3.07317
2026-09-28,8,Persistencia,1.3144500000000001
2026-09-28,9,Persistencia,2.99774
2026-09-28,10,Persistencia,2.93655
2026-09-28,11,Persistencia,8.328209999999999
2026-09-28,12,Persistencia,16.60487
2026-09-28,13,Persistencia,18.78784
2026-09-28,14,Persistencia,18.90617
2026-09-28,15,Persistencia,18.94191
2026-09-28,16,Persistencia,18.89458
2026-09-28,17,Persistencia,17.61546
2026-09-28,18,Persistencia,16.71743
2026-09-28,19,Persistencia,12.417309999999999
2026-09-28,20,Persistencia,9.366950000000001
2026-09-28,21,Persistencia,9.88575
2026-09-28,22,Persistencia,9.83964
2026-09-28,23,Persistencia,9.29766
2026-09-29,0,Curva de potencia empírica,13.143917978152931
2026-09-29,1,Curva de potencia empírica,14.710806524021404
2026-09-29,2,Curva de potencia empírica,12.182651636842106
2026-09-29,3,Curva de potencia empírica,13.058965627706055
2026-09-29,4,Curva de potencia empírica,12.917378376961272
2026-09-29,5,Curva de potencia empírica,12.662521325620657
2026-09-29,6,Curva de potencia empírica,14.043780162095185
2026-09-29,7,Curva de potencia empírica,12.032600988705884
2026-09-29,8,Curva de potencia empírica,11.534599441882351
2026-09-29,9,Curva de potencia empírica,12.14689392905263
2026-09-29,10,Curva de potencia empírica,12.21840934463158
2026-09-29,11,Curva de potencia empírica,13.2288703285998
2026-09-29,12,Curva de potencia empírica,16.682265924955754
2026-09-29,13,Curva de potencia empírica,18.5155212
2026-09-29,14,Curva de potencia empírica,18.5155212
2026-09-29,15,Curva de potencia empírica,18.35933056278261
2026-09-29,16,Curva de potencia empírica,17.703482450237907
2026-09-29,17,Curva de potencia empírica,17.04480811426549
2026-09-29,18,Curva de potencia empírica,15.938796959824913
2026-09-29,19,Curva de potencia empírica,16.96848344283186
2026-09-29,20,Curva de potencia empírica,17.17837628927434
2026-09-29,21,Curva de potencia empírica,17.42559792323077
2026-09-29,22,Curva de potencia empírica,17.405009435076924
2026-09-29,23,Curva de potencia empírica,17.405009435076924
2026-09-29,0,GBM cuantil óptimo,14.668145031199952
2026-09-29,1,GBM cuantil óptimo,15.446355686763567
2026-09-29,2,GBM cuantil óptimo,8.374890355498092
2026-09-29,3,GBM cuantil óptimo,10.45559412131931
2026-09-29,4,GBM cuantil óptimo,8.36274344472687
2026-09-29,5,GBM cuantil óptimo,8.521698899856354
2026-09-29,6,GBM cuantil óptimo,10.192658411043675
2026-09-29,7,GBM cuantil óptimo,6.8673727312466095
2026-09-29,8,GBM cuantil óptimo,5.532303893981425
2026-09-29,9,GBM cuantil óptimo,7.819750528427425
2026-09-29,10,GBM cuantil óptimo,10.241717547539805
2026-09-29,11,GBM cuantil óptimo,12.156713936790426
2026-09-29,12,GBM cuantil óptimo,16.72683976890932
2026-09-29,13,GBM cuantil óptimo,16.189532847132067
2026-09-29,14,GBM cuantil óptimo,16.968651629758327
2026-09-29,15,GBM cuantil óptimo,18.930921063257028
2026-09-29,16,GBM cuantil óptimo,18.98521713801178
2026-09-29,17,GBM cuantil óptimo,18.710667036267086
2026-09-29,18,GBM cuantil óptimo,16.87976206779765
2026-09-29,19,GBM cuantil óptimo,17.741006703889948
2026-09-29,20,GBM cuantil óptimo,17.99385941228467
2026-09-29,21,GBM cuantil óptimo,17.983413087352947
2026-09-29,22,GBM cuantil óptimo,17.55363436838436
2026-09-29,23,GBM cuantil óptimo,17.347745871590675
2026-09-29,0,GBM viento,15.262216768525793
2026-09-29,1,GBM viento,14.504996661128986
2026-09-29,2,GBM viento,7.025161439831046
2026-09-29,3,GBM viento,10.394862638095086
2026-09-29,4,GBM viento,9.375299336239417
2026-09-29,5,GBM viento,11.17785077261803
2026-09-29,6,GBM viento,11.77639166623016
2026-09-29,7,GBM viento,12.654760089435872
2026-09-29,8,GBM viento,10.162110997018962
2026-09-29,9,GBM viento,11.055710616978407
2026-09-29,10,GBM viento,12.188295780701516
2026-09-29,11,GBM viento,14.029575457993513
2026-09-29,12,GBM viento,16.887028197693716
2026-09-29,13,GBM viento,18.00045809348677
2026-09-29,14,GBM viento,17.8380218830909
2026-09-29,15,GBM viento,18.924769645242474
2026-09-29,16,GBM viento,18.721632357733633
2026-09-29,17,GBM viento,18.820496029662927
2026-09-29,18,GBM viento,17.49644239425739
2026-09-29,19,GBM viento,18.14485221695613
2026-09-29,20,GBM viento,18.3596084752136
2026-09-29,21,GBM viento,18.379369095648656
2026-09-29,22,GBM viento,18.004425382501047
2026-09-29,23,GBM viento,17.382435989120093
2026-09-29,0,Perfil horario 14 días,11.819263333333334
2026-09-29,1,Perfil horario 14 días,9.493114444444444
2026-09-29,2,Perfil horario 14 días,8.913961111111112
2026-09-29,3,Perfil horario 14 días,8.773826666666666
2026-09-29,4,Perfil horario 14 días,10.250392222222223
2026-09-29,5,Perfil horario 14 días,12.356823333333333
2026-09-29,6,Perfil horario 14 días,10.407656666666666
2026-09-29,7,Perfil horario 14 días,8.323208888888889
2026-09-29,8,Perfil horario 14 días,8.661605555555557
2026-09-29,9,Perfil horario 14 días,11.103994444444446
2026-09-29,10,Perfil horario 14 días,12.52875888888889
2026-09-29,11,Perfil horario 14 días,14.132477777777778
2026-09-29,12,Perfil horario 14 días,17.02732111111111
2026-09-29,13,Perfil horario 14 días,17.259885555555556
2026-09-29,14,Perfil horario 14 días,17.585893333333335
2026-09-29,15,Perfil horario 14 días,17.857813333333333
2026-09-29,16,Perfil horario 14 días,18.50113111111111
2026-09-29,17,Perfil horario 14 días,18.467185555555556
2026-09-29,18,Perfil horario 14 días,17.47485111111111
2026-09-29,19,Perfil horario 14 días,15.99969
2026-09-29,20,Perfil horario 14 días,15.308562222222223
2026-09-29,21,Perfil horario 14 días,15.581724444444445
2026-09-29,22,Perfil horario 14 días,15.020993333333333
2026-09-29,23,Perfil horario 14 días,14.39554
2026-09-29,0,Persistencia,9.446860000000001
2026-09-29,1,Persistencia,7.9954
2026-09-29,2,Persistencia,7.39409
2026-09-29,3,Persistencia,8.21409
2026-09-29,4,Persistencia,8.19722
2026-09-29,5,Persistencia,7.74734
2026-09-29,6,Persistencia,6.6747
2026-09-29,7,Persistencia,3.18564
2026-09-29,8,Persistencia,1.69598
2026-09-29,9,Persistencia,2.38119
2026-09-29,10,Persistencia,5.36714
2026-09-29,11,Persistencia,4.95247
2026-09-29,12,Persistencia,15.17217
2026-09-29,13,Persistencia,16.22497
2026-09-29,14,Persistencia,18.667099999999998
2026-09-29,15,Persistencia,18.927
2026-09-29,16,Persistencia,18.90934
2026-09-29,17,Persistencia,18.61033
2026-09-29,18,Persistencia,16.74112
2026-09-29,19,Persistencia,13.16663
2026-09-29,20,Persistencia,13.54323
2026-09-29,21,Persistencia,9.869879999999998
2026-09-29,22,Persistencia,7.85607
2026-09-29,23,Persistencia,8.16892
2026-09-30,0,Curva de potencia empírica,16.702800807183053
2026-09-30,1,Curva de potencia empírica,16.934656961701425
2026-09-30,2,Curva de potencia empírica,16.38423848047779
2026-09-30,3,Curva de potencia empírica,15.00461606972751
2026-09-30,4,Curva de potencia empírica,14.850782108034299
2026-09-30,5,Curva de potencia empírica,14.673140891984525
2026-09-30,6,Curva de potencia empírica,14.018463959812053
2026-09-30,7,Curva de potencia empírica,13.64326760974659
2026-09-30,8,Curva de potencia empírica,13.839915705583193
2026-09-30,9,Curva de potencia empírica,14.018463959812053
2026-09-30,10,Curva de potencia empírica,14.375560468269764
2026-09-30,11,Curva de potencia empírica,14.944600979136235
2026-09-30,12,Curva de potencia empírica,16.799407538232373
2026-09-30,13,Curva de potencia empírica,17.448172000362845
2026-09-30,14,Curva de potencia empírica,18.5155212
2026-09-30,15,Curva de potencia empírica,18.5155212
2026-09-30,16,Curva de potencia empírica,18.23597630726132
2026-09-30,17,Curva de potencia empírica,17.816058441316414
2026-09-30,18,Curva de potencia empírica,17.12787042380007
2026-09-30,19,Curva de potencia empírica,16.896014269281697
2026-09-30,20,Curva de potencia empírica,14.904392891521118
2026-09-30,21,Curva de potencia empírica,14.837379412162592
2026-09-30,22,Curva de potencia empírica,14.940133413845667
2026-09-30,23,Curva de potencia empírica,14.435076553012715
2026-09-30,0,GBM cuantil óptimo,17.096960605778587
2026-09-30,1,GBM cuantil óptimo,16.893086562165326
2026-09-30,2,GBM cuantil óptimo,15.587045855765913
2026-09-30,3,GBM cuantil óptimo,14.68837042293983
2026-09-30,4,GBM cuantil óptimo,14.540994853367105
2026-09-30,5,GBM cuantil óptimo,14.74282650523881
2026-09-30,6,GBM cuantil óptimo,12.88731541153671
2026-09-30,7,GBM cuantil óptimo,12.865189523792468
2026-09-30,8,GBM cuantil óptimo,12.883850142754016
2026-09-30,9,GBM cuantil óptimo,15.004385030934467
2026-09-30,10,GBM cuantil óptimo,14.12630302075735
2026-09-30,11,GBM cuantil óptimo,16.070236702501816
2026-09-30,12,GBM cuantil óptimo,17.481515212499538
2026-09-30,13,GBM cuantil óptimo,18.43540302255836
2026-09-30,14,GBM cuantil óptimo,18.806950936132807
2026-09-30,15,GBM cuantil óptimo,18.13931767226639
2026-09-30,16,GBM cuantil óptimo,17.705264275513343
2026-09-30,17,GBM cuantil óptimo,18.750693474918275
2026-09-30,18,GBM cuantil óptimo,18.32498540405961
2026-09-30,19,GBM cuantil óptimo,17.833230078205506
2026-09-30,20,GBM cuantil óptimo,16.571488481794194
2026-09-30,21,GBM cuantil óptimo,15.99940728133806
2026-09-30,22,GBM cuantil óptimo,16.542300914308694
2026-09-30,23,GBM cuantil óptimo,15.976938374693665
2026-09-30,0,GBM viento,16.94940253992404
2026-09-30,1,GBM viento,15.936910020981387
2026-09-30,2,GBM viento,16.581202644304522
2026-09-30,3,GBM viento,13.81865650283336
2026-09-30,4,GBM viento,14.169196813276043
2026-09-30,5,GBM viento,16.815966388379216
2026-09-30,6,GBM viento,15.268257693423607
2026-09-30,7,GBM viento,15.223019737776786
2026-09-30,8,GBM viento,13.489312115384243
2026-09-30,9,GBM viento,16.24299571596021
2026-09-30,10,GBM viento,16.293055768768173
2026-09-30,11,GBM viento,16.354646938366635
2026-09-30,12,GBM viento,17.408746358165406
2026-09-30,13,GBM viento,18.21404429168072
2026-09-30,14,GBM viento,19.215736566499707
2026-09-30,15,GBM viento,18.644323499065433
2026-09-30,16,GBM viento,17.24301869705426
2026-09-30,17,GBM viento,18.862892264605232
2026-09-30,18,GBM viento,18.46237626725742
2026-09-30,19,GBM viento,17.981991241120994
2026-09-30,20,GBM viento,16.96515544141824
2026-09-30,21,GBM viento,15.37739154705566
2026-09-30,22,GBM viento,15.28446875077964
2026-09-30,23,GBM viento,15.90773536348628
2026-09-30,0,Perfil horario 14 días,11.593227777777777
2026-09-30,1,Perfil horario 14 días,9.692866666666667
2026-09-30,2,Perfil horario 14 días,8.681526666666667
2026-09-30,3,Perfil horario 14 días,8.212034444444445
2026-09-30,4,Perfil horario 14 días,9.090156666666665
2026-09-30,5,Perfil horario 14 días,11.013596666666666
2026-09-30,6,Perfil horario 14 días,8.928751111111112
2026-09-30,7,Perfil horario 14 días,6.911427777777778
2026-09-30,8,Perfil horario 14 días,7.325017777777778
2026-09-30,9,Perfil horario 14 días,10.686336666666667
2026-09-30,10,Perfil horario 14 días,11.709672222222222
2026-09-30,11,Perfil horario 14 días,12.795221111111111
2026-09-30,12,Perfil horario 14 días,16.348300000000002
2026-09-30,13,Perfil horario 14 días,17.24454777777778
2026-09-30,14,Perfil horario 14 días,17.50206888888889
2026-09-30,15,Perfil horario 14 días,18.001875555555554
2026-09-30,16,Perfil horario 14 días,18.681195555555558
2026-09-30,17,Perfil horario 14 días,18.521884444444442
2026-09-30,18,Perfil horario 14 días,17.39083888888889
2026-09-30,19,Perfil horario 14 días,16.006161111111112
2026-09-30,20,Perfil horario 14 días,15.09026
2026-09-30,21,Perfil horario 14 días,15.491029999999999
2026-09-30,22,Perfil horario 14 días,14.687648888888889
2026-09-30,23,Perfil horario 14 días,14.383839
2026-09-30,0,Persistencia,7.3812299999999995
2026-09-30,1,Persistencia,4.98748
2026-09-30,2,Persistencia,4.815
2026-09-30,3,Persistencia,5.422140000000001
2026-09-30,4,Persistencia,4.26992
2026-09-30,5,Persistencia,4.5166
2026-09-30,6,Persistencia,3.51975
2026-09-30,7,Persistencia,2.65927
2026-09-30,8,Persistencia,3.50421
2026-09-30,9,Persistencia,11.00058
2026-09-30,10,Persistencia,6.85141
2026-09-30,11,Persistencia,4.61646
2026-09-30,12,Persistencia,10.940700000000001
2026-09-30,13,Persistencia,18.05808
2026-09-30,14,Persistencia,17.89508
2026-09-30,15,Persistencia,18.32632
2026-09-30,16,Persistencia,18.6614
2026-09-30,17,Persistencia,18.593130000000002
2026-09-30,18,Persistencia,17.31399
2026-09-30,19,Persistencia,17.909110000000002
2026-09-30,20,Persistencia,16.79694
2026-09-30,21,Persistencia,17.89383
2026-09-30,22,Persistencia,15.788350000000001
2026-09-30,23,Persistencia,16.42614
2026-10-01,0,Curva de potencia empírica,13.538362434482758
2026-10-01,1,Curva de potencia empírica,14.246675359634889
2026-10-01,2,Curva de potencia empírica,13.889344195537525
2026-10-01,3,Curva de potencia empírica,14.405489210344827
2026-10-01,4,Curva de potencia empírica,13.8297890015213
2026-10-01,5,Curva de potencia empírica,12.357902413793102
2026-10-01,6,Curva de potencia empírica,10.319357488888889
2026-10-01,7,Curva de potencia empírica,9.106958333333333
2026-10-01,8,Curva de potencia empírica,9.106958333333333
2026-10-01,9,Curva de potencia empírica,9.106958333333333
2026-10-01,10,Curva de potencia empírica,9.106958333333333
2026-10-01,11,Curva de potencia empírica,9.106958333333333
2026-10-01,12,Curva de potencia empírica,9.106958333333333
2026-10-01,13,Curva de potencia empírica,12.357902413793102
2026-10-01,14,Curva de potencia empírica,17.085891383004924
2026-10-01,15,Curva de potencia empírica,18.229875972198204
2026-10-01,16,Curva de potencia empírica,18.22275635716661
2026-10-01,17,Curva de potencia empírica,18.184939209661266
2026-10-01,18,Curva de potencia empírica,15.818067403191488
2026-10-01,19,Curva de potencia empírica,16.605758596059115
2026-10-01,20,Curva de potencia empírica,16.694672075123155
2026-10-01,21,Curva de potencia empírica,15.295326630557593
2026-10-01,22,Curva de potencia empírica,14.824219721526909
2026-10-01,23,Curva de potencia empírica,14.803999159574468
2026-10-01,0,GBM cuantil óptimo,16.007742076003503
2026-10-01,1,GBM cuantil óptimo,14.678111841122895
2026-10-01,2,GBM cuantil óptimo,14.220541589426361
2026-10-01,3,GBM cuantil óptimo,13.795660018022184
2026-10-01,4,GBM cuantil óptimo,13.798127418805693
2026-10-01,5,GBM cuantil óptimo,9.082928170385259
2026-10-01,6,GBM cuantil óptimo,6.092353316693244
2026-10-01,7,GBM cuantil óptimo,4.591709046466559
2026-10-01,8,GBM cuantil óptimo,4.432391353340621
2026-10-01,9,GBM cuantil óptimo,4.350872581658157
2026-10-01,10,GBM cuantil óptimo,7.448819577301482
2026-10-01,11,GBM cuantil óptimo,6.312632227968006
2026-10-01,12,GBM cuantil óptimo,10.392787016505128
2026-10-01,13,GBM cuantil óptimo,15.49998018217137
2026-10-01,14,GBM cuantil óptimo,17.472569867782248
2026-10-01,15,GBM cuantil óptimo,18.88664265363603
2026-10-01,16,GBM cuantil óptimo,19.06655206844449
2026-10-01,17,GBM cuantil óptimo,18.953460131318113
2026-10-01,18,GBM cuantil óptimo,16.656674023782713
2026-10-01,19,GBM cuantil óptimo,17.45001236495499
2026-10-01,20,GBM cuantil óptimo,16.64541800558392
2026-10-01,21,GBM cuantil óptimo,16.65472939721357
2026-10-01,22,GBM cuantil óptimo,17.418688499093633
2026-10-01,23,GBM cuantil óptimo,16.970241424893807
2026-10-01,0,GBM viento,16.472778897155724
2026-10-01,1,GBM viento,13.072905356747672
2026-10-01,2,GBM viento,14.905645601874696
2026-10-01,3,GBM viento,15.123701968608646
2026-10-01,4,GBM viento,15.51936457692218
2026-10-01,5,GBM viento,10.567356187380478
2026-10-01,6,GBM viento,6.848546021985796
2026-10-01,7,GBM viento,6.746025597071658
2026-10-01,8,GBM viento,6.727441391616321
2026-10-01,9,GBM viento,8.553668030866351
2026-10-01,10,GBM viento,7.338792202920238
2026-10-01,11,GBM viento,9.166819314980156
2026-10-01,12,GBM viento,15.30276786467234
2026-10-01,13,GBM viento,17.573601361619623
2026-10-01,14,GBM viento,17.861990205385755
2026-10-01,15,GBM viento,18.750812492684652
2026-10-01,16,GBM viento,18.76641544313673
2026-10-01,17,GBM viento,18.62856478798887
2026-10-01,18,GBM viento,17.596405811521045
2026-10-01,19,GBM viento,17.16591614584795
2026-10-01,20,GBM viento,17.11708770936126
2026-10-01,21,GBM viento,17.101379639444808
2026-10-01,22,GBM viento,16.619566814333986
2026-10-01,23,GBM viento,17.18652394186165
2026-10-01,0,Perfil horario 14 días,12.218542222222222
2026-10-01,1,Perfil horario 14 días,10.839062222222221
2026-10-01,2,Perfil horario 14 días,9.832061111111111
2026-10-01,3,Perfil horario 14 días,8.90231
2026-10-01,4,Perfil horario 14 días,9.270357777777777
2026-10-01,5,Perfil horario 14 días,10.183217777777777
2026-10-01,6,Perfil horario 14 días,8.047474444444443
2026-10-01,7,Perfil horario 14 días,6.198208888888889
2026-10-01,8,Perfil horario 14 días,6.872195555555556
2026-10-01,9,Perfil horario 14 días,10.524
2026-10-01,10,Perfil horario 14 días,11.513361111111111
2026-10-01,11,Perfil horario 14 días,12.699946666666667
2026-10-01,12,Perfil horario 14 días,16.351796666666665
2026-10-01,13,Perfil horario 14 días,17.18714222222222
2026-10-01,14,Perfil horario 14 días,17.30161111111111
2026-10-01,15,Perfil horario 14 días,17.865021111111112
2026-10-01,16,Perfil horario 14 días,18.697607777777776
2026-10-01,17,Perfil horario 14 días,18.652546666666666
2026-10-01,18,Perfil horario 14 días,17.534533333333332
2026-10-01,19,Perfil horario 14 días,16.05039888888889
2026-10-01,20,Perfil horario 14 días,14.776911111111112
2026-10-01,21,Perfil horario 14 días,14.920733333333333
2026-10-01,22,Perfil horario 14 días,14.56895888888889
2026-10-01,23,Perfil horario 14 días,14.551171
2026-10-01,0,Persistencia,15.259459999999999
2026-10-01,1,Persistencia,12.75474
2026-10-01,2,Persistencia,11.919469999999999
2026-10-01,3,Persistencia,9.71504
2026-10-01,4,Persistencia,9.101049999999999
2026-10-01,5,Persistencia,8.38281
2026-10-01,6,Persistencia,10.295620000000001
2026-10-01,7,Persistencia,12.42301
2026-10-01,8,Persistencia,14.8218
2026-10-01,9,Persistencia,17.442169999999997
2026-10-01,10,Persistencia,17.123369999999998
2026-10-01,11,Persistencia,18.03035
2026-10-01,12,Persistencia,18.91448
2026-10-01,13,Persistencia,18.356150000000003
2026-10-01,14,Persistencia,17.06999
2026-10-01,15,Persistencia,17.657700000000002
2026-10-01,16,Persistencia,18.87516
2026-10-01,17,Persistencia,18.66987
2026-10-01,18,Persistencia,15.6458
2026-10-01,19,Persistencia,15.190610000000001
2026-10-01,20,Persistencia,13.49995
2026-10-01,21,Persistencia,13.72854
2026-10-01,22,Persistencia,17.85152
2026-10-01,23,Persistencia,18.391869999999997
2026-10-02,0,Curva de potencia empírica,12.357902413793102
2026-10-02,1,Curva de potencia empírica,12.45661145939933
2026-10-02,2,Curva de potencia empírica,12.431934197997773
2026-10-02,3,Curva de potencia empírica,12.357902413793102
2026-10-02,4,Curva de potencia empírica,12.357902413793102
2026-10-02,5,Curva de potencia empírica,12.431934197997773
2026-10-02,6,Curva de potencia empírica,14.702655944925915
2026-10-02,7,Curva de potencia empírica,12.357902413793102
2026-10-02,8,Curva de potencia empírica,12.703384073414906
2026-10-02,9,Curva de potencia empírica,12.357902413793102
2026-10-02,10,Curva de potencia empírica,13.542410961067853
2026-10-02,11,Curva de potencia empírica,13.983446271321254
2026-10-02,12,Curva de potencia empírica,12.357902413793102
2026-10-02,13,Curva de potencia empírica,12.357902413793102
2026-10-02,14,Curva de potencia empírica,12.357902413793102
2026-10-02,15,Curva de potencia empírica,10.585493888888887
2026-10-02,16,Curva de potencia empírica,9.905367533333331
2026-10-02,17,Curva de potencia empírica,15.054878559013607
2026-10-02,18,Curva de potencia empírica,17.60132933545529
2026-10-02,19,Curva de potencia empírica,16.714421184855073
2026-10-02,20,Curva de potencia empírica,15.259597970204078
2026-10-02,21,Curva de potencia empírica,15.464317381394556
2026-10-02,22,Curva de potencia empírica,13.19692930144605
2026-10-02,23,Curva de potencia empírica,12.357902413793102
2026-10-02,0,GBM cuantil óptimo,12.976558389505085
2026-10-02,1,GBM cuantil óptimo,13.80828498170687
2026-10-02,2,GBM cuantil óptimo,7.9740611197438644
2026-10-02,3,GBM cuantil óptimo,8.142069715204856
2026-10-02,4,GBM cuantil óptimo,6.348743514590755
2026-10-02,5,GBM cuantil óptimo,8.34487942640828
2026-10-02,6,GBM cuantil óptimo,11.658876884967743
2026-10-02,7,GBM cuantil óptimo,6.70464012358964
2026-10-02,8,GBM cuantil óptimo,10.446924440405164
2026-10-02,9,GBM cuantil óptimo,9.397878259729227
2026-10-02,10,GBM cuantil óptimo,10.19603424431235
2026-10-02,11,GBM cuantil óptimo,11.046282894892926
2026-10-02,12,GBM cuantil óptimo,12.254882208922494
2026-10-02,13,GBM cuantil óptimo,13.740872810501358
2026-10-02,14,GBM cuantil óptimo,14.711641182193498
2026-10-02,15,GBM cuantil óptimo,12.888899137430494
2026-10-02,16,GBM cuantil óptimo,15.206432214363584
2026-10-02,17,GBM cuantil óptimo,17.24800674084168
2026-10-02,18,GBM cuantil óptimo,18.32273149405967
2026-10-02,19,GBM cuantil óptimo,16.358892013828267
2026-10-02,20,GBM cuantil óptimo,16.190932580820473
2026-10-02,21,GBM cuantil óptimo,16.20297384220495
2026-10-02,22,GBM cuantil óptimo,13.151899472367512
2026-10-02,23,GBM cuantil óptimo,13.169091610585268
2026-10-02,0,GBM viento,12.244961851062715
2026-10-02,1,GBM viento,12.065480682494288
2026-10-02,2,GBM viento,8.114109203454328
2026-10-02,3,GBM viento,8.190106229278207
2026-10-02,4,GBM viento,9.923356062532955
2026-10-02,5,GBM viento,11.845301074001455
2026-10-02,6,GBM viento,9.902981266678918
2026-10-02,7,GBM viento,11.002600723101818
2026-10-02,8,GBM viento,11.606780896496886
2026-10-02,9,GBM viento,11.79908637056167
2026-10-02,10,GBM viento,11.700862070469533
2026-10-02,11,GBM viento,11.676261689200734
2026-10-02,12,GBM viento,14.164684646154752
2026-10-02,13,GBM viento,14.300885587180355
2026-10-02,14,GBM viento,14.026657319203174
2026-10-02,15,GBM viento,14.493991357683907
2026-10-02,16,GBM viento,17.11202144209609
2026-10-02,17,GBM viento,17.034091691095334
2026-10-02,18,GBM viento,18.537271940279265
2026-10-02,19,GBM viento,17.500267040216805
2026-10-02,20,GBM viento,16.68696838288032
2026-10-02,21,GBM viento,16.88755482903918
2026-10-02,22,GBM viento,15.603190342414567
2026-10-02,23,GBM viento,14.055694606250272
2026-10-02,0,Perfil horario 14 días,12.113534444444445
2026-10-02,1,Perfil horario 14 días,10.01191888888889
2026-10-02,2,Perfil horario 14 días,8.653057777777779
2026-10-02,3,Perfil horario 14 días,7.517282222222223
2026-10-02,4,Perfil horario 14 días,8.740961111111112
2026-10-02,5,Perfil horario 14 días,9.919173333333333
2026-10-02,6,Perfil horario 14 días,8.180194444444444
2026-10-02,7,Perfil horario 14 días,6.613556666666667
2026-10-02,8,Perfil horario 14 días,7.7820366666666665
2026-10-02,9,Perfil horario 14 días,10.702265555555556
2026-10-02,10,Perfil horario 14 días,11.510985555555557
2026-10-02,11,Perfil horario 14 días,12.997212222222222
2026-10-02,12,Perfil horario 14 días,16.276674444444446
2026-10-02,13,Perfil horario 14 días,17.257385555555558
2026-10-02,14,Perfil horario 14 días,17.200684444444445
2026-10-02,15,Perfil horario 14 días,17.846147777777777
2026-10-02,16,Perfil horario 14 días,18.71515
2026-10-02,17,Perfil horario 14 días,18.657353333333333
2026-10-02,18,Perfil horario 14 días,17.562104444444444
2026-10-02,19,Perfil horario 14 días,15.757394444444445
2026-10-02,20,Perfil horario 14 días,14.507697777777777
2026-10-02,21,Perfil horario 14 días,14.475678888888886
2026-10-02,22,Perfil horario 14 días,14.252644444444444
2026-10-02,23,Perfil horario 14 días,14.003216
2026-10-02,0,Persistencia,17.86624
2026-10-02,1,Persistencia,11.4713
2026-10-02,2,Persistencia,8.257040000000002
2026-10-02,3,Persistencia,6.4193999999999996
2026-10-02,4,Persistencia,12.64569
2026-10-02,5,Persistencia,12.586139999999999
2026-10-02,6,Persistencia,9.764899999999999
2026-10-02,7,Persistencia,8.773299999999999
2026-10-02,8,Persistencia,12.97452
2026-10-02,9,Persistencia,14.80598
2026-10-02,10,Persistencia,18.166040000000002
2026-10-02,11,Persistencia,16.86823
2026-10-02,12,Persistencia,16.92565
2026-10-02,13,Persistencia,17.04025
2026-10-02,14,Persistencia,17.05379
2026-10-02,15,Persistencia,18.1923
2026-10-02,16,Persistencia,18.926650000000002
2026-10-02,17,Persistencia,18.92704
2026-10-02,18,Persistencia,18.584880000000002
2026-10-02,19,Persistencia,15.82283
2026-10-02,20,Persistencia,15.755049999999999
2026-10-02,21,Persistencia,13.72169
2026-10-02,22,Persistencia,14.27291
2026-10-02,23,Persistencia,13.33153
2026-10-03,0,Curva de potencia empírica,12.357902413793102
2026-10-03,1,Curva de potencia empírica,10.876646566243195
2026-10-03,2,Curva de potencia empírica,9.833271484210526
2026-10-03,3,Curva de potencia empírica,10.08294162982456
2026-10-03,4,Curva de potencia empírica,9.924060628070176
2026-10-03,5,Curva de potencia empírica,9.833271484210526
2026-10-03,6,Curva de potencia empírica,10.495752205444644
2026-10-03,7,Curva de potencia empírica,12.357902413793102
2026-10-03,8,Curva de potencia empírica,13.455996333687
2026-10-03,9,Curva de potencia empírica,14.146157802157841
2026-10-03,10,Curva de potencia empírica,13.893646231968033
2026-10-03,11,Curva de potencia empírica,12.357902413793102
2026-10-03,12,Curva de potencia empírica,9.924060628070176
2026-10-03,13,Curva de potencia empírica,8.354995833333332
2026-10-03,14,Curva de potencia empírica,9.106958333333333
2026-10-03,15,Curva de potencia empírica,9.106958333333333
2026-10-03,16,Curva de potencia empírica,9.197747477192982
2026-10-03,17,Curva de potencia empírica,0.0
2026-10-03,18,Curva de potencia empírica,0.0
2026-10-03,19,Curva de potencia empírica,0.0
2026-10-03,20,Curva de potencia empírica,0.0
2026-10-03,21,Curva de potencia empírica,0.0
2026-10-03,22,Curva de potencia empírica,0.0
2026-10-03,23,Curva de potencia empírica,0.0
2026-10-03,0,GBM cuantil óptimo,13.000245864614076
2026-10-03,1,GBM cuantil óptimo,7.423251761748632
2026-10-03,2,GBM cuantil óptimo,5.082624323037271
2026-10-03,3,GBM cuantil óptimo,4.735591967304309
2026-10-03,4,GBM cuantil óptimo,4.806178569991038
2026-10-03,5,GBM cuantil óptimo,4.645677063670515
2026-10-03,6,GBM cuantil óptimo,6.542966230243533
2026-10-03,7,GBM cuantil óptimo,9.038563078223698
2026-10-03,8,GBM cuantil óptimo,8.796788086847275
2026-10-03,9,GBM cuantil óptimo,10.33109991006695
2026-10-03,10,GBM cuantil óptimo,10.065630573648688
2026-10-03,11,GBM cuantil óptimo,8.421702037936775
2026-10-03,12,GBM cuantil óptimo,10.515522189182247
2026-10-03,13,GBM cuantil óptimo,9.212272777060479
2026-10-03,14,GBM cuantil óptimo,10.041904909566284
2026-10-03,15,GBM cuantil óptimo,12.291929128603716
2026-10-03,16,GBM cuantil óptimo,11.515973189275616
2026-10-03,17,GBM cuantil óptimo,4.014901049162799
2026-10-03,18,GBM cuantil óptimo,4.2696664395244595
2026-10-03,19,GBM cuantil óptimo,3.3827577515608467
2026-10-03,20,GBM cuantil óptimo,3.361051588257606
2026-10-03,21,GBM cuantil óptimo,3.985961547082363
2026-10-03,22,GBM cuantil óptimo,4.152792657402994
2026-10-03,23,GBM cuantil óptimo,4.104077331700622
2026-10-03,0,GBM viento,14.296813667705287
2026-10-03,1,GBM viento,9.174606626217567
2026-10-03,2,GBM viento,6.19394147485506
2026-10-03,3,GBM viento,5.662910726498923
2026-10-03,4,GBM viento,5.732623640625996
2026-10-03,5,GBM viento,4.586691442117136
2026-10-03,6,GBM viento,6.13892006880869
2026-10-03,7,GBM viento,12.855281302529333
2026-10-03,8,GBM viento,11.159521823313694
2026-10-03,9,GBM viento,13.811691251293766
2026-10-03,10,GBM viento,12.460773765762097
2026-10-03,11,GBM viento,9.259753855239126
2026-10-03,12,GBM viento,13.088154756319243
2026-10-03,13,GBM viento,11.248509575843478
2026-10-03,14,GBM viento,11.679379699419167
2026-10-03,15,GBM viento,12.790472805907799
2026-10-03,16,GBM viento,12.929574145197282
2026-10-03,17,GBM viento,7.785640031230767
2026-10-03,18,GBM viento,6.826874611307032
2026-10-03,19,GBM viento,4.743177824344788
2026-10-03,20,GBM viento,4.679211314507029
2026-10-03,21,GBM viento,6.3851859749427
2026-10-03,22,GBM viento,5.546190874262705
2026-10-03,23,GBM viento,5.589419030695509
2026-10-03,0,Perfil horario 14 días,11.674693333333334
2026-10-03,1,Perfil horario 14 días,10.23401111111111
2026-10-03,2,Perfil horario 14 días,8.781615555555554
2026-10-03,3,Perfil horario 14 días,7.483387777777779
2026-10-03,4,Perfil horario 14 días,8.27256888888889
2026-10-03,5,Perfil horario 14 días,9.219381111111112
2026-10-03,6,Perfil horario 14 días,7.373756666666667
2026-10-03,7,Perfil horario 14 días,6.407351111111111
2026-10-03,8,Perfil horario 14 días,7.745075555555555
2026-10-03,9,Perfil horario 14 días,9.333943333333332
2026-10-03,10,Perfil horario 14 días,10.22703
2026-10-03,11,Perfil horario 14 días,12.35933111111111
2026-10-03,12,Perfil horario 14 días,15.592091111111111
2026-10-03,13,Perfil horario 14 días,17.354995555555558
2026-10-03,14,Perfil horario 14 días,17.524275555555555
2026-10-03,15,Perfil horario 14 días,18.113332222222223
2026-10-03,16,Perfil horario 14 días,18.766672222222223
2026-10-03,17,Perfil horario 14 días,18.659187777777777
2026-10-03,18,Perfil horario 14 días,17.598325555555554
2026-10-03,19,Perfil horario 14 días,16.219804444444446
2026-10-03,20,Perfil horario 14 días,14.571273333333332
2026-10-03,21,Perfil horario 14 días,14.443763333333331
2026-10-03,22,Perfil horario 14 días,13.57481888888889
2026-10-03,23,Perfil horario 14 días,13.714850000000002
2026-10-03,0,Persistencia,11.798540000000001
2026-10-03,1,Persistencia,13.90019
2026-10-03,2,Persistencia,17.27709
2026-10-03,3,Persistencia,15.37142
2026-10-03,4,Persistencia,10.80535
2026-10-03,5,Persistencia,11.34275
2026-10-03,6,Persistencia,4.05574
2026-10-03,7,Persistencia,1.8488
2026-10-03,8,Persistencia,1.95497
2026-10-03,9,Persistencia,3.75087
2026-10-03,10,Persistencia,5.879659999999999
2026-10-03,11,Persistencia,12.13572
2026-10-03,12,Persistencia,11.051110000000001
2026-10-03,13,Persistencia,16.95604
2026-10-03,14,Persistencia,17.0778
2026-10-03,15,Persistencia,18.045060000000003
2026-10-03,16,Persistencia,18.917669999999998
2026-10-03,17,Persistencia,18.83254
2026-10-03,18,Persistencia,18.673419999999997
2026-10-03,19,Persistencia,17.97766
2026-10-03,20,Persistencia,16.49155
2026-10-03,21,Persistencia,15.532440000000001
2026-10-03,22,Persistencia,12.72785
2026-10-03,23,Persistencia,12.89815
2026-10-05,0,Curva de potencia empírica,14.927379833358154
2026-10-05,1,Curva de potencia empírica,13.359657897142856
2026-10-05,2,Curva de potencia empírica,12.294058628571428
2026-10-05,3,Curva de potencia empírica,11.961058857142858
2026-10-05,4,Curva de potencia empírica,11.961058857142858
2026-10-05,5,Curva de potencia empírica,12.360658582857141
2026-10-05,6,Curva de potencia empírica,13.159858034285712
2026-10-05,7,Curva de potencia empírica,12.560458445714286
2026-10-05,8,Curva de potencia empírica,11.961058857142858
2026-10-05,9,Curva de potencia empírica,12.960058171428575
2026-10-05,10,Curva de potencia empírica,13.99883882336347
2026-10-05,11,Curva de potencia empírica,14.214659465461121
2026-10-05,12,Curva de potencia empírica,11.961058857142858
2026-10-05,13,Curva de potencia empírica,12.127558742857145
2026-10-05,14,Curva de potencia empírica,13.126558057142857
2026-10-05,15,Curva de potencia empírica,16.416401693548387
2026-10-05,16,Curva de potencia empírica,17.187477264182423
2026-10-05,17,Curva de potencia empírica,17.72703495327103
2026-10-05,18,Curva de potencia empírica,16.622021845717462
2026-10-05,19,Curva de potencia empírica,15.493275916982922
2026-10-05,20,Curva de potencia empírica,14.968446397517996
2026-10-05,21,Curva de potencia empírica,15.689090475648324
2026-10-05,22,Curva de potencia empírica,14.935593146190122
2026-10-05,23,Curva de potencia empírica,14.927379833358154
2026-10-05,0,GBM cuantil óptimo,14.257986255016647
2026-10-05,1,GBM cuantil óptimo,13.146989507329204
2026-10-05,2,GBM cuantil óptimo,10.48480754365493
2026-10-05,3,GBM cuantil óptimo,9.397991646550134
2026-10-05,4,GBM cuantil óptimo,6.35512455947064
2026-10-05,5,GBM cuantil óptimo,6.313566803796307
2026-10-05,6,GBM cuantil óptimo,7.256963978803095
2026-10-05,7,GBM cuantil óptimo,5.942617430282406
2026-10-05,8,GBM cuantil óptimo,5.148675694527424
2026-10-05,9,GBM cuantil óptimo,6.84878549461799
2026-10-05,10,GBM cuantil óptimo,9.409772357032738
2026-10-05,11,GBM cuantil óptimo,13.881393275335476
2026-10-05,12,GBM cuantil óptimo,12.340054051006781
2026-10-05,13,GBM cuantil óptimo,14.823520845009673
2026-10-05,14,GBM cuantil óptimo,17.067598621268534
2026-10-05,15,GBM cuantil óptimo,16.6465083113403
2026-10-05,16,GBM cuantil óptimo,18.669712817332048
2026-10-05,17,GBM cuantil óptimo,18.64031548949881
2026-10-05,18,GBM cuantil óptimo,17.24127117048916
2026-10-05,19,GBM cuantil óptimo,16.825505515984513
2026-10-05,20,GBM cuantil óptimo,16.379594971388006
2026-10-05,21,GBM cuantil óptimo,17.369077227507404
2026-10-05,22,GBM cuantil óptimo,14.22921460045783
2026-10-05,23,GBM cuantil óptimo,13.92799097041206
2026-10-05,0,GBM viento,10.321209395584367
2026-10-05,1,GBM viento,11.225984665746186
2026-10-05,2,GBM viento,11.702533803362222
2026-10-05,3,GBM viento,11.231016528182792
2026-10-05,4,GBM viento,5.347389809023262
2026-10-05,5,GBM viento,8.564110677014714
2026-10-05,6,GBM viento,10.62303417335097
2026-10-05,7,GBM viento,9.801104991498256
2026-10-05,8,GBM viento,11.280629546620268
2026-10-05,9,GBM viento,10.631207835535411
2026-10-05,10,GBM viento,11.64506652757786
2026-10-05,11,GBM viento,15.725643733212289
2026-10-05,12,GBM viento,13.066878253079517
2026-10-05,13,GBM viento,17.487385081214814
2026-10-05,14,GBM viento,17.002905506181428
2026-10-05,15,GBM viento,17.52706722129694
2026-10-05,16,GBM viento,18.545201349013233
2026-10-05,17,GBM viento,18.698858385688162
2026-10-05,18,GBM viento,18.064656905593587
2026-10-05,19,GBM viento,16.348802798267585
2026-10-05,20,GBM viento,15.88154984557138
2026-10-05,21,GBM viento,16.75080944035833
2026-10-05,22,GBM viento,15.903596161671304
2026-10-05,23,GBM viento,14.708312320046057
2026-10-05,0,Perfil horario 14 días,10.942853
2026-10-05,1,Perfil horario 14 días,10.432737
2026-10-05,2,Perfil horario 14 días,9.417127
2026-10-05,3,Perfil horario 14 días,8.11851
2026-10-05,4,Perfil horario 14 días,8.203327
2026-10-05,5,Perfil horario 14 días,9.244069
2026-10-05,6,Perfil horario 14 días,7.424601
2026-10-05,7,Perfil horario 14 días,5.815491
2026-10-05,8,Perfil horario 14 días,6.537798
2026-10-05,9,Perfil horario 14 días,9.183682999999998
2026-10-05,10,Perfil horario 14 días,10.234485000000001
2026-10-05,11,Perfil horario 14 días,12.050357
2026-10-05,12,Perfil horario 14 días,15.093423999999999
2026-10-05,13,Perfil horario 14 días,16.724518
2026-10-05,14,Perfil horario 14 días,16.877340999999998
2026-10-05,15,Perfil horario 14 días,18.319096
2026-10-05,16,Perfil horario 14 días,18.898130000000002
2026-10-05,17,Perfil horario 14 días,18.683466
2026-10-05,18,Perfil horario 14 días,17.416715
2026-10-05,19,Perfil horario 14 días,14.962622
2026-10-05,20,Perfil horario 14 días,13.375822
2026-10-05,21,Perfil horario 14 días,13.144307000000001
2026-10-05,22,Perfil horario 14 días,12.542938
2026-10-05,23,Perfil horario 14 días,11.484853
2026-10-05,0,Persistencia,12.13763
2026-10-05,1,Persistencia,16.85137
2026-10-05,2,Persistencia,16.18892
2026-10-05,3,Persistencia,12.48691
2026-10-05,4,Persistencia,11.34975
2026-10-05,5,Persistencia,6.56731
2026-10-05,6,Persistencia,1.37187
2026-10-05,7,Persistencia,1.93703
2026-10-05,8,Persistencia,10.75566
2026-10-05,9,Persistencia,17.421770000000002
2026-10-05,10,Persistencia,15.23452
2026-10-05,11,Persistencia,12.94415
2026-10-05,12,Persistencia,12.16733
2026-10-05,13,Persistencia,15.65742
2026-10-05,14,Persistencia,18.118209999999998
2026-10-05,15,Persistencia,18.87578
2026-10-05,16,Persistencia,18.89366
2026-10-05,17,Persistencia,18.890549999999998
2026-10-05,18,Persistencia,15.76749
2026-10-05,19,Persistencia,4.54446
2026-10-05,20,Persistencia,1.63521
2026-10-05,21,Persistencia,1.62565
2026-10-05,22,Persistencia,5.32505
2026-10-05,23,Persistencia,2.6158
